0.022035,0.0634,0.1176,0.1778,0.2540,0.3505,0.4419,0.5333,0.6060,0.6521,0.7128,0.7962,0.8796,0.9630,1.0464,1.1298,1.1906,1.2499,1.3306,1.4112,1.4919,1.5725,1.6531,1.7125,1.7687,1.8430,1.9173,1.9735,2.0297,2.1040,2.1783,2.2345,2.2907,2.3650,2.4392,2.4954,2.5516,2.6259,2.7003,2.7565,2.8127,2.8870,2.9612,3.0174,3.0736,3.1479,3.2222,3.2784,3.3251,3.4036,3.4798,3.5433,3.6195
0,0.3230,0.3338,0.4443,0.5129,0.8030,0.8789,0.9172,0.9300,0.9172,0.8727,0.9151,0.9167,0.9088,0.9017,0.8960,0.8837,0.8376,0.8836,0.8969,0.9043,0.9148,0.9284,0.9354,0.9002,0.9646,0.9979,1.0175,1.0134,1.0584,1.0922,1.1090,1.0723,1.1554,1.1990,1.2231,1.2158,1.2671,1.3004,1.3104,1.2560,1.3448,1.3797,1.3876,1.3602,1.3973,1.3963,1.3519,1.2340,1.2592,1.1716,0.7530,0.6440,0.5117
0.005,0.3856,0.4010,0.5365,0.6154,0.9363,0.9742,0.9820,0.9746,0.9498,0.8979,0.9352,0.9299,0.9166,0.9050,0.8958,0.8807,0.8329,0.8771,0.8883,0.8940,0.9030,0.9152,0.9211,0.8858,0.9486,0.9806,0.9994,0.9950,1.0388,1.0715,1.0877,1.0514,1.1327,1.1752,1.1986,1.1913,1.2414,1.2739,1.2835,1.2301,1.3171,1.3510,1.3587,1.3318,1.3680,1.3669,1.3233,1.2077,1.2323,1.1462,0.7363,0.6294,0.4978
0.010,0.4303,0.4500,0.6070,0.7060,1.0929,1.1538,1.1379,1.0787,1.0194,0.9494,0.9743,0.9535,0.9287,0.9088,0.8932,0.8734,0.8235,0.8650,0.8734,0.8768,0.8838,0.8943,0.8988,0.8638,0.9246,0.9551,0.9729,0.9683,1.0108,1.0423,1.0578,1.0224,1.1013,1.1426,1.1652,1.1581,1.2068,1.2383,1.2477,1.1958,1.2803,1.3134,1.3208,1.2947,1.3299,1.3289,1.2865,1.1741,1.1981,1.1144,0.7159,0.6120,0.4841
0.015,0.4797,0.5027,0.6804,0.7950,1.2443,1.3413,1.3594,1.3154,1.2314,1.1238,1.1140,1.0486,0.9926,0.9505,0.9185,0.8859,0.8281,0.8635,0.8645,0.8615,0.8630,0.8686,0.8690,0.8326,0.8889,0.9157,0.9303,0.9244,0.9635,0.9918,1.0050,0.9705,1.0445,1.0825,1.1030,1.0957,1.1412,1.1703,1.1786,1.1292,1.2087,1.2395,1.2462,1.2213,1.2543,1.2531,1.2130,1.1069,1.1294,1.0505,0.6748,0.5769,0.4563
0.020,0.5158,0.5410,0.7335,0.8585,1.3500,1.4679,1.5073,1.4888,1.4262,1.3258,1.3350,1.2480,1.1377,1.0478,0.9830,0.9270,0.8546,0.8808,0.8703,0.8575,0.8507,0.8490,0.8434,0.8042,0.8552,0.8769,0.8873,0.8792,0.9142,0.9384,0.9486,0.9145,0.9828,1.0168,1.0346,1.0267,1.0684,1.0946,1.1014,1.0547,1.1283,1.1564,1.1620,1.1385,1.1690,1.1675,1.1298,1.0309,1.0517,0.9780,0.6282,0.5370,0.4247
0.025,0.5375,0.5641,0.7655,0.8970,1.4143,1.5450,1.5974,1.5941,1.5448,1.4503,1.4852,1.4311,1.3458,1.2445,1.1338,1.0281,0.9241,0.9338,0.9030,0.8742,0.8547,0.8426,0.8283,0.7845,0.8294,0.8448,0.8499,0.8389,0.8693,0.8887,0.8953,0.8611,0.9235,0.9532,0.9678,0.9591,0.9969,1.0199,1.0250,0.9807,1.0484,1.0736,1.0781,1.0558,1.0837,1.0818,1.0465,0.9547,0.9738,0.9054,0.5814,0.4969,0.3930
0.030,0.5496,0.5769,0.7833,0.9185,1.4505,1.5890,1.6491,1.6549,1.6132,1.5216,1.5708,1.5352,1.4736,1.4011,1.3160,1.2059,1.0674,1.0484,0.9791,0.9231,0.8837,0.8564,0.8299,0.7786,0.8167,0.8244,0.8230,0.8080,0.8333,0.8473,0.8495,0.8143,0.8708,0.8959,0.9070,0.8972,0.9309,0.9505,0.9536,0.9113,0.9733,0.9955,0.9987,0.9774,1.0026,1.0003,0.9671,0.8820,0.8994,0.8360,0.5367,0.4587,0.3627
0.035,0.5495,0.5769,0.7837,0.9194,1.4533,1.5949,1.6594,1.6710,1.6348,1.5463,1.6037,1.5798,1.5324,1.4784,1.4176,1.3364,1.2159,1.2208,1.1443,1.0493,0.9677,0.9091,0.8606,0.7959,0.8251,0.8222,0.8118,0.7914,0.8110,0.8186,0.8156,0.7786,0.8295,0.8498,0.8573,0.8459,0.8758,0.8920,0.8931,0.8523,0.9091,0.9286,0.9305,0.9099,0.9327,0.9298,0.8985,0.8190,0.8350,0.7758,0.4980,0.4255,0.3364
0.040,0.5432,0.5703,0.7749,0.9095,1.4388,1.5812,1.6482,1.6640,1.6323,1.5470,1.6097,1.5939,1.5565,1.5144,1.4681,1.4040,1.2954,1.3226,1.2760,1.2063,1.1255,1.0364,0.9468,0.8541,0.8688,0.8486,0.8241,0.7947,0.8068,0.8058,0.7957,0.7549,0.8000,0.8146,0.8174,0.8037,0.8296,0.8419,0.8403,0.8003,0.8521,0.8686,0.8688,0.8486,0.8690,0.8654,0.8354,0.7611,0.7757,0.7203,0.4621,0.3948,0.3120
0.045,0.5298,0.5563,0.7561,0.8876,1.4050,1.5457,1.6134,1.6320,1.6039,1.5224,1.5878,1.5781,1.5482,1.5151,1.4792,1.4273,1.3275,1.3684,1.3413,1.2958,1.2442,1.1839,1.1029,0.9894,0.9848,0.9294,0.8765,0.8303,0.8305,0.8162,0.7953,0.7480,0.7866,0.7941,0.7911,0.7741,0.7957,0.8036,0.7987,0.7586,0.8057,0.8190,0.8173,0.7970,0.8152,0.8105,0.7816,0.7115,0.7247,0.6725,0.4312,0.3682,0.2909
0.050,0.5125,0.5382,0.7316,0.8591,1.3605,1.4979,1.5654,1.5857,1.5608,1.4833,1.5497,1.5446,1.5206,1.4943,1.4663,1.4233,1.3306,1.3798,1.3649,1.3337,1.2991,1.2598,1.2026,1.1044,1.1226,1.0735,0.9984,0.9231,0.9009,0.8625,0.8235,0.7645,0.7951,0.7931,0.7821,0.7602,0.7768,0.7794,0.7704,0.7289,0.7716,0.7814,0.7773,0.7565,0.7723,0.7664,0.7378,0.6710,0.6830,0.6331,0.4057,0.3463,0.2735
0.055,0.4903,0.5150,0.7002,0.8223,1.3029,1.4356,1.5016,1.5231,1.5011,1.4279,1.4941,1.4927,1.4737,1.4532,1.4318,1.3965,1.3109,1.3655,1.3602,1.3400,1.3180,1.2935,1.2530,1.1666,1.2049,1.1827,1.1338,1.0687,1.0489,0.9863,0.9110,0.8252,0.8415,0.8224,0.7979,0.7676,0.7774,0.7723,0.7571,0.7125,0.7507,0.7562,0.7488,0.7267,0.7400,0.7323,0.7034,0.6388,0.6495,0.6013,0.3849,0.3283,0.2591
0.060,0.4640,0.4874,0.6627,0.7785,1.2339,1.3605,1.4244,1.4466,1.4275,1.3591,1.4241,1.4260,1.4116,1.3964,1.3809,1.3526,1.2742,1.3325,1.3350,1.3239,1.3120,1.2988,1.2710,1.1936,1.2447,1.2396,1.2103,1.1616,1.1629,1.1273,1.0641,0.9637,0.9657,0.9127,0.8594,0.8120,0.8103,0.7924,0.7669,0.7156,0.7486,0.7481,0.7360,0.7111,0.7215,0.7111,0.6808,0.6170,0.6264,0.5788,0.3699,0.3153,0.2486
0.065,0.4340,0.4559,0.6201,0.7286,1.1552,1.2747,1.3357,1.3581,1.3417,1.2786,1.3416,1.3461,1.3359,1.3254,1.3152,1.2933,1.2223,1.2827,1.2916,1.2883,1.2849,1.2812,1.2638,1.1948,1.2547,1.2622,1.2469,1.2091,1.2251,1.2108,1.1709,1.0857,1.1142,1.0768,1.0099,0.9338,0.9074,0.8613,0.8152,0.7502,0.7756,0.7656,0.7456,0.7158,0.7223,0.7076,0.6743,0.6092,0.6172,0.5686,0.3626,0.3086,0.2430
0.070,0.4014,0.4217,0.5736,0.6741,1.0693,1.1806,1.2383,1.2606,1.2468,1.1892,1.2494,1.2563,1.2499,1.2437,1.2383,1.2223,1.1587,1.2200,1.2344,1.2377,1.2417,1.2460,1.2376,1.1766,1.2426,1.2601,1.2559,1.2269,1.2535,1.2540,1.2300,1.1553,1.2040,1.1926,1.1528,1.0928,1.0788,1.0193,0.9376,0.8417,0.8525,0.8241,0.7898,0.7507,0.7513,0.7297,0.6905,0.6211,0.6273,0.5757,0.3659,0.3109,0.2443
0.075,0.3665,0.3851,0.5238,0.6158,0.9772,1.0797,1.1335,1.1554,1.1442,1.0923,1.1493,1.1581,1.1552,1.1529,1.1518,1.1413,1.0853,1.1466,1.1656,1.1748,1.1853,1.1966,1.1962,1.1431,1.2136,1.2394,1.2448,1.2235,1.2584,1.2709,1.2598,1.1938,1.2568,1.2636,1.2437,1.1993,1.2072,1.1773,1.1170,1.0137,1.0183,0.9564,0.8910,0.8328,0.8228,0.7885,0.7386,0.6602,0.6640,0.6059,0.3835,0.3250,0.2547
0.080,0.3279,0.3446,0.4689,0.5513,0.8754,0.9680,1.0174,1.0384,1.0297,0.9841,1.0370,1.0475,1.0478,1.0491,1.0521,1.0469,0.9989,1.0590,1.0821,1.0967,1.1130,1.1307,1.1379,1.0931,1.1664,1.1997,1.2138,1.2002,1.2421,1.2654,1.2661,1.2091,1.2835,1.3059,1.3029,1.2709,1.2963,1.2905,1.2557,1.1677,1.2056,1.1720,1.1036,1.0186,0.9835,0.9175,0.8433,0.7456,0.7444,0.6732,0.4231,0.3572,0.2787
0.085,0.2832,0.2977,0.4052,0.4766,0.7571,0.8382,0.8821,0.9020,0.8960,0.8574,0.9052,0.9172,0.9209,0.9259,0.9329,0.9331,0.8941,0.9520,0.9788,0.9987,1.0207,1.0447,1.0596,1.0240,1.0992,1.1395,1.1625,1.1569,1.2055,1.2395,1.2523,1.2052,1.2900,1.3275,1.3408,1.3212,1.3625,1.3783,1.3660,1.2906,1.3577,1.3585,1.3257,1.2636,1.2546,1.1880,1.0782,0.9354,0.9199,0.8170,0.5068,0.4248,0.3290
0.090,0.2340,0.2460,0.3349,0.3941,0.6267,0.6949,0.7327,0.7511,0.7480,0.7170,0.7591,0.7725,0.7794,0.7881,0.7991,0.8049,0.7754,0.8304,0.8607,0.8857,0.9133,0.9435,0.9662,0.9406,1.0168,1.0640,1.0959,1.0988,1.1537,1.1984,1.2236,1.1874,1.2821,1.3345,1.3643,1.3574,1.4144,1.4511,1.4603,1.3975,1.4909,1.5219,1.5196,1.4784,1.5027,1.4763,1.3964,1.2448,1.2372,1.0933,0.6664,0.5518,0.4220
0.095,0.1887,0.1985,0.2704,0.3184,0.5069,0.5631,0.5953,0.6123,0.6117,0.5878,0.6245,0.6389,0.6486,0.6605,0.6749,0.6856,0.6649,0.7170,0.7501,0.7794,0.8119,0.8474,0.8767,0.8602,0.9370,0.9899,1.0297,1.0401,1.1004,1.1544,1.1904,1.1643,1.2671,1.3326,1.3768,1.3813,1.4517,1.5067,1.5346,1.4831,1.5987,1.6550,1.6781,1.6535,1.7047,1.7100,1.6584,1.5135,1.5406,1.4232,0.9019,0.7563,0.5723
0.100,0.1571,0.1654,0.2254,0.2656,0.4235,0.4715,0.4998,0.5159,0.5172,0.4984,0.5316,0.5470,0.5589,0.5732,0.5904,0.6047,0.5904,0.6409,0.6764,0.7092,0.7455,0.7851,0.8195,0.8096,0.8876,0.9451,0.9907,1.0068,1.0715,1.1323,1.1759,1.1568,1.2659,1.3405,1.3945,1.4066,1.4862,1.5530,1.5925,1.5475,1.6773,1.7485,1.7856,1.7696,1.8353,1.8558,1.8156,1.6699,1.7123,1.6066,1.0409,0.8939,0.7125
0.105,0.1397,0.1471,0.2006,0.2366,0.3776,0.4212,0.4475,0.4632,0.4657,0.4497,0.4811,0.4972,0.5107,0.5266,0.5456,0.5622,0.5516,0.6016,0.6389,0.6740,0.7128,0.7551,0.7927,0.7865,0.8657,0.9262,0.9753,0.9946,1.0621,1.1270,1.1750,1.1593,1.2725,1.3522,1.4113,1.4273,1.5120,1.5847,1.6298,1.5874,1.7246,1.8026,1.8455,1.8327,1.9047,1.9304,1.8929,1.7445,1.7919,1.6858,1.0957,0.9439,0.7571
0.110,0.1324,0.1394,0.1901,0.2243,0.3582,0.4000,0.4255,0.4412,0.4443,0.4296,0.4604,0.4770,0.4913,0.5082,0.5282,0.5461,0.5371,0.5872,0.6256,0.6621,0.7022,0.7460,0.7852,0.7805,0.8605,0.9225,0.9732,0.9937,1.0624,1.1290,1.1788,1.1641,1.2789,1.3605,1.4214,1.4385,1.5248,1.5993,1.6460,1.6040,1.7434,1.8232,1.8675,1.8552,1.9285,1.9553,1.9179,1.7679,1.8160,1.7090,1.1110,0.9572,0.7681
0.115,0.1285,0.1353,0.1846,0.2178,0.3479,0.3887,0.4139,0.4296,0.4330,0.4190,0.4494,0.4664,0.4811,0.4986,0.5192,0.5378,0.5296,0.5798,0.6188,0.6559,0.6968,0.7414,0.7815,0.7775,0.8579,0.9207,0.9722,0.9934,1.0628,1.1303,1.1809,1.1668,1.2824,1.3650,1.4268,1.4444,1.5315,1.6070,1.6545,1.6127,1.7531,1.8339,1.8789,1.8668,1.9409,1.9681,1.9307,1.7798,1.8285,1.7209,1.1189,0.9641,0.7737
0.120,0.1262,0.1329,0.1813,0.2139,0.3418,0.3821,0.4070,0.4227,0.4263,0.4127,0.4430,0.4601,0.4751,0.4929,0.5138,0.5328,0.5252,0.5754,0.6148,0.6523,0.6937,0.7388,0.7793,0.7758,0.8564,0.9197,0.9717,0.9933,1.0630,1.1310,1.1822,1.1684,1.2845,1.3676,1.4300,1.4479,1.5355,1.6116,1.6595,1.6178,1.7589,1.8402,1.8856,1.8736,1.9481,1.9756,1.9383,1.7869,1.8358,1.7279,1.1236,0.9681,0.7771
0.125,0.1247,0.1313,0.1792,0.2114,0.3380,0.3779,0.4026,0.4184,0.4221,0.4087,0.4389,0.4561,0.4713,0.4893,0.5104,0.5297,0.5224,0.5727,0.6122,0.6501,0.6917,0.7371,0.7779,0.7747,0.8555,0.9191,0.9714,0.9932,1.0632,1.1315,1.1830,1.1694,1.2858,1.3693,1.4320,1.4501,1.5381,1.6145,1.6627,1.6210,1.7626,1.8442,1.8899,1.8779,1.9527,1.9804,1.9430,1.7914,1.8405,1.7324,1.1266,0.9707,0.7792
0.130,0.1238,0.1303,0.1778,0.2098,0.3354,0.3751,0.3997,0.4155,0.4193,0.4060,0.4361,0.4535,0.4688,0.4869,0.5082,0.5277,0.5206,0.5709,0.6106,0.6486,0.6904,0.7360,0.7770,0.7740,0.8549,0.9187,0.9712,0.9932,1.0633,1.1319,1.1835,1.1701,1.2867,1.3704,1.4333,1.4516,1.5397,1.6164,1.6648,1.6231,1.7649,1.8468,1.8926,1.8807,1.9557,1.9835,1.9462,1.7943,1.8435,1.7353,1.1285,0.9724,0.7806
0.135,0.1231,0.1297,0.1769,0.2088,0.3338,0.3733,0.3979,0.4136,0.4175,0.4043,0.4344,0.4518,0.4672,0.4854,0.5068,0.5263,0.5194,0.5697,0.6095,0.6477,0.6896,0.7353,0.7765,0.7736,0.8546,0.9184,0.9711,0.9932,1.0634,1.1321,1.1839,1.1706,1.2873,1.3711,1.4342,1.4525,1.5408,1.6176,1.6661,1.6245,1.7665,1.8485,1.8944,1.8826,1.9576,1.9855,1.9482,1.7962,1.8455,1.7372,1.1298,0.9735,0.7815
0.140,0.1227,0.1292,0.1764,0.2081,0.3327,0.3721,0.3967,0.4124,0.4163,0.4032,0.4333,0.4507,0.4662,0.4844,0.5059,0.5255,0.5187,0.5690,0.6089,0.6471,0.6891,0.7349,0.7762,0.7734,0.8544,0.9183,0.9711,0.9932,1.0635,1.1323,1.1841,1.1708,1.2877,1.3716,1.4347,1.4531,1.5414,1.6183,1.6669,1.6253,1.7674,1.8495,1.8954,1.8836,1.9587,1.9867,1.9493,1.7973,1.8466,1.7383,1.1306,0.9743,0.7822
0.145,0.1225,0.1290,0.1761,0.2078,0.3322,0.3715,0.3961,0.4118,0.4157,0.4027,0.4327,0.4501,0.4657,0.4840,0.5054,0.5252,0.5183,0.5687,0.6086,0.6469,0.6889,0.7347,0.7761,0.7733,0.8543,0.9183,0.9711,0.9933,1.0636,1.1324,1.1843,1.1710,1.2879,1.3719,1.4350,1.4534,1.5418,1.6187,1.6673,1.6257,1.7678,1.8499,1.8959,1.8841,1.9593,1.9872,1.9499,1.7978,1.8472,1.7389,1.1310,0.9746,0.7825
0.150,0.1225,0.1290,0.1760,0.2077,0.3320,0.3713,0.3959,0.4117,0.4156,0.4025,0.4326,0.4500,0.4656,0.4839,0.5054,0.5251,0.5183,0.5687,0.6086,0.6469,0.6890,0.7348,0.7762,0.7734,0.8544,0.9184,0.9712,0.9934,1.0637,1.1325,1.1844,1.1711,1.2880,1.3719,1.4351,1.4535,1.5418,1.6187,1.6673,1.6257,1.7678,1.8499,1.8959,1.8841,1.9592,1.9872,1.9499,1.7978,1.8472,1.7390,1.1310,0.9747,0.7826
0.155,0.1226,0.1291,0.1761,0.2078,0.3323,0.3716,0.3962,0.4119,0.4159,0.4028,0.4329,0.4503,0.4659,0.4842,0.5057,0.5254,0.5186,0.5690,0.6089,0.6472,0.6892,0.7351,0.7764,0.7736,0.8547,0.9186,0.9714,0.9935,1.0639,1.1326,1.1845,1.1711,1.2880,1.3719,1.4350,1.4533,1.5416,1.6184,1.6670,1.6253,1.7674,1.8494,1.8954,1.8836,1.9587,1.9866,1.9494,1.7973,1.8467,1.7385,1.1308,0.9745,0.7825
0.160,0.1228,0.1293,0.1765,0.2082,0.3329,0.3723,0.3969,0.4127,0.4166,0.4035,0.4336,0.4510,0.4666,0.4849,0.5064,0.5261,0.5192,0.5696,0.6095,0.6478,0.6898,0.7356,0.7769,0.7740,0.8551,0.9190,0.9717,0.9938,1.0640,1.1327,1.1845,1.1711,1.2878,1.3716,1.4346,1.4529,1.5411,1.6178,1.6662,1.6246,1.7665,1.8485,1.8943,1.8825,1.9575,1.9855,1.9482,1.7963,1.8457,1.7376,1.1302,0.9741,0.7822
0.165,0.1232,0.1298,0.1771,0.2089,0.3340,0.3735,0.3982,0.4140,0.4179,0.4047,0.4348,0.4523,0.4678,0.4860,0.5075,0.5272,0.5202,0.5706,0.6105,0.6487,0.6907,0.7364,0.7776,0.7747,0.8557,0.9195,0.9721,0.9941,1.0643,1.1328,1.1844,1.1709,1.2875,1.3712,1.4340,1.4522,1.5402,1.6168,1.6650,1.6233,1.7651,1.8469,1.8926,1.8807,1.9557,1.9836,1.9463,1.7946,1.8439,1.7360,1.1293,0.9733,0.7817
0.170,0.1239,0.1304,0.1780,0.2100,0.3357,0.3753,0.4001,0.4159,0.4197,0.4065,0.4367,0.4541,0.4696,0.4878,0.5092,0.5288,0.5217,0.5722,0.6120,0.6501,0.6920,0.7376,0.7787,0.7756,0.8565,0.9202,0.9727,0.9945,1.0646,1.1329,1.1843,1.1707,1.2871,1.3705,1.4331,1.4511,1.5390,1.6152,1.6633,1.6215,1.7630,1.8446,1.8901,1.8782,1.9530,1.9808,1.9436,1.7921,1.8414,1.7337,1.1279,0.9722,0.7808
0.175,0.1248,0.1314,0.1792,0.2115,0.3380,0.3779,0.4027,0.4186,0.4224,0.4090,0.4393,0.4567,0.4721,0.4903,0.5116,0.5311,0.5238,0.5743,0.6140,0.6520,0.6938,0.7393,0.7801,0.7768,0.8577,0.9212,0.9734,0.9951,1.0649,1.1330,1.1842,1.1703,1.2865,1.3696,1.4318,1.4496,1.5372,1.6131,1.6609,1.6190,1.7601,1.8413,1.8867,1.8747,1.9492,1.9769,1.9398,1.7886,1.8378,1.7305,1.1259,0.9706,0.7797
0.180,0.1260,0.1327,0.1810,0.2135,0.3413,0.3815,0.4064,0.4223,0.4260,0.4124,0.4429,0.4603,0.4756,0.4936,0.5148,0.5342,0.5267,0.5772,0.6168,0.6547,0.6962,0.7415,0.7821,0.7785,0.8593,0.9225,0.9745,0.9958,1.0654,1.1332,1.1839,1.1698,1.2856,1.3682,1.4301,1.4476,1.5347,1.6102,1.6576,1.6156,1.7561,1.8369,1.8820,1.8699,1.9441,1.9717,1.9346,1.7839,1.8330,1.7261,1.1232,0.9683,0.7781
0.185,0.1277,0.1344,0.1833,0.2163,0.3456,0.3862,0.4113,0.4272,0.4309,0.4170,0.4476,0.4650,0.4802,0.4981,0.5192,0.5383,0.5304,0.5810,0.6205,0.6581,0.6994,0.7444,0.7847,0.7807,0.8613,0.9242,0.9758,0.9968,1.0661,1.1333,1.1836,1.1691,1.2844,1.3665,1.4278,1.4449,1.5315,1.6064,1.6532,1.6110,1.7509,1.8311,1.8757,1.8635,1.9374,1.9647,1.9278,1.7776,1.8267,1.7203,1.1196,0.9654,0.7759
0.190,0.1298,0.1367,0.1864,0.2198,0.3512,0.3923,0.4177,0.4336,0.4372,0.4230,0.4538,0.4711,0.4861,0.5039,0.5247,0.5436,0.5353,0.5860,0.6252,0.6625,0.7035,0.7481,0.7880,0.7835,0.8639,0.9264,0.9774,0.9980,1.0668,1.1335,1.1831,1.1682,1.2829,1.3642,1.4247,1.4414,1.5273,1.6014,1.6475,1.6052,1.7441,1.8237,1.8677,1.8554,1.9287,1.9558,1.9190,1.7696,1.8184,1.7128,1.1150,0.9616,0.7732
0.195,0.1326,0.1395,0.1903,0.2244,0.3583,0.4001,0.4258,0.4418,0.4451,0.4305,0.4616,0.4788,0.4936,0.5111,0.5318,0.5503,0.5414,0.5922,0.6311,0.6681,0.7087,0.7528,0.7921,0.7870,0.8672,0.9291,0.9794,0.9994,1.0678,1.1337,1.1825,1.1669,1.2809,1.3613,1.4209,1.4369,1.5220,1.5951,1.6405,1.5978,1.7357,1.8143,1.8577,1.8451,1.9178,1.9446,1.9079,1.7595,1.8081,1.7033,1.1092,0.9568,0.7697
0.200,0.1360,0.1431,0.1951,0.2300,0.3672,0.4098,0.4359,0.4520,0.4551,0.4399,0.4714,0.4885,0.5031,0.5203,0.5406,0.5586,0.5491,0.6000,0.6386,0.6751,0.7151,0.7586,0.7972,0.7914,0.8713,0.9325,0.9820,1.0014,1.0690,1.1340,1.1818,1.1655,1.2785,1.3578,1.4162,1.4314,1.5155,1.5873,1.6316,1.5886,1.7250,1.8024,1.8450,1.8321,1.9041,1.9304,1.8939,1.7466,1.7950,1.6914,1.1018,0.9508,0.7653
0.205,0.1402,0.1475,0.2011,0.2370,0.3781,0.4217,0.4483,0.4644,0.4673,0.4514,0.4834,0.5003,0.5145,0.5314,0.5513,0.5688,0.5584,0.6094,0.6476,0.6835,0.7229,0.7657,0.8035,0.7967,0.8762,0.9366,0.9851,1.0036,1.0705,1.1342,1.1808,1.1637,1.2755,1.3533,1.4104,1.4247,1.5074,1.5778,1.6207,1.5773,1.7121,1.7882,1.8297,1.8165,1.8875,1.9133,1.8770,1.7312,1.7792,1.6769,1.0928,0.9434,0.7599
0.210,0.1451,0.1526,0.2080,0.2450,0.3908,0.4356,0.4626,0.4788,0.4814,0.4648,0.4972,0.5139,0.5278,0.5442,0.5636,0.5805,0.5691,0.6202,0.6579,0.6931,0.7317,0.7737,0.8104,0.8026,0.8817,0.9411,0.9884,1.0059,1.0718,1.1342,1.1794,1.1613,1.2718,1.3480,1.4035,1.4167,1.4980,1.5668,1.6083,1.5645,1.6974,1.7719,1.8123,1.7989,1.8688,1.8940,1.8580,1.7137,1.7613,1.6604,1.0826,0.9349,0.7536
0.215,0.1504,0.1582,0.2155,0.2539,0.4046,0.4507,0.4783,0.4946,0.4967,0.4793,0.5123,0.5287,0.5422,0.5581,0.5769,0.5931,0.5806,0.6318,0.6689,0.7033,0.7411,0.7821,0.8177,0.8087,0.8873,0.9455,0.9916,1.0080,1.0730,1.1339,1.1776,1.1584,1.2675,1.3420,1.3959,1.4081,1.4879,1.5549,1.5949,1.5508,1.6817,1.7547,1.7939,1.7801,1.8489,1.8735,1.8377,1.6951,1.7423,1.6429,1.0716,0.9257,0.7468
0.220,0.1559,0.1639,0.2233,0.2629,0.4188,0.4662,0.4943,0.5107,0.5125,0.4942,0.5277,0.5439,0.5568,0.5722,0.5904,0.6058,0.5922,0.6435,0.6800,0.7135,0.7503,0.7903,0.8248,0.8146,0.8926,0.9497,0.9945,1.0099,1.0738,1.1333,1.1755,1.1553,1.2630,1.3359,1.3881,1.3993,1.4776,1.5429,1.5815,1.5370,1.6660,1.7374,1.7755,1.7614,1.8290,1.8530,1.8175,1.6764,1.7232,1.6252,1.0605,0.9165,0.7398
0.225,0.1613,0.1695,0.2308,0.2718,0.4327,0.4813,0.5100,0.5263,0.5277,0.5086,0.5426,0.5585,0.5709,0.5857,0.6034,0.6179,0.6033,0.6546,0.6904,0.7231,0.7590,0.7980,0.8314,0.8201,0.8975,0.9535,0.9971,1.0115,1.0744,1.1325,1.1733,1.1522,1.2586,1.3299,1.3806,1.3908,1.4677,1.5314,1.5687,1.5239,1.6510,1.7209,1.7579,1.7436,1.8101,1.8335,1.7982,1.6587,1.7050,1.6083,1.0498,0.9075,0.7332
0.230,0.1662,0.1747,0.2378,0.2799,0.4455,0.4952,0.5244,0.5408,0.5418,0.5218,0.5563,0.5719,0.5839,0.5982,0.6152,0.6290,0.6133,0.6647,0.6999,0.7318,0.7669,0.8050,0.8372,0.8249,0.9018,0.9569,0.9993,1.0128,1.0748,1.1317,1.1712,1.1493,1.2545,1.3243,1.3737,1.3830,1.4586,1.5210,1.5570,1.5119,1.6374,1.7060,1.7420,1.7274,1.7929,1.8158,1.7806,1.6424,1.6883,1.5928,1.0400,0.8993,0.7269
0.235,0.1706,0.1792,0.2440,0.2872,0.4568,0.5076,0.5371,0.5535,0.5542,0.5335,0.5684,0.5838,0.5953,0.6091,0.6256,0.6387,0.6221,0.6735,0.7081,0.7394,0.7737,0.8110,0.8423,0.8291,0.9056,0.9597,1.0012,1.0139,1.0751,1.1309,1.1693,1.1467,1.2508,1.3194,1.3676,1.3762,1.4507,1.5118,1.5469,1.5015,1.6255,1.6929,1.7281,1.7132,1.7779,1.8002,1.7652,1.6282,1.6737,1.5792,1.0313,0.8919,0.7213
0.240,0.1743,0.1831,0.2493,0.2933,0.4665,0.5181,0.5480,0.5644,0.5647,0.5435,0.5786,0.5938,0.6049,0.6183,0.6343,0.6469,0.6296,0.6809,0.7151,0.7458,0.7794,0.8160,0.8466,0.8326,0.9087,0.9622,1.0028,1.0148,1.0754,1.1303,1.1678,1.1445,1.2478,1.3153,1.3625,1.3705,1.4441,1.5042,1.5383,1.4927,1.6155,1.6819,1.7164,1.7013,1.7652,1.7871,1.7521,1.6161,1.6612,1.5675,1.0238,0.8856,0.7165
0.245,0.1774,0.1863,0.2536,0.2984,0.4744,0.5267,0.5569,0.5732,0.5733,0.5516,0.5870,0.6019,0.6128,0.6258,0.6415,0.6536,0.6356,0.6870,0.7208,0.7510,0.7841,0.8201,0.8501,0.8355,0.9113,0.9642,1.0041,1.0156,1.0757,1.1298,1.1665,1.1428,1.2453,1.3121,1.3584,1.3659,1.4387,1.4979,1.5313,1.4856,1.6074,1.6729,1.7068,1.6915,1.7548,1.7763,1.7413,1.6061,1.6509,1.5578,1.0175,0.8803,0.7124
0.250,0.1798,0.1889,0.2571,0.3024,0.4807,0.5336,0.5639,0.5803,0.5802,0.5581,0.5937,0.6085,0.6191,0.6318,0.6472,0.6590,0.6405,0.6919,0.7254,0.7552,0.7879,0.8235,0.8530,0.8379,0.9134,0.9658,1.0053,1.0163,1.0760,1.1295,1.1656,1.1415,1.2435,1.3095,1.3552,1.3622,1.4345,1.4930,1.5258,1.4799,1.6008,1.6657,1.6991,1.6836,1.7464,1.7675,1.7326,1.5980,1.6425,1.5499,1.0124,0.8759,0.7089
0.255,0.1817,0.1909,0.2598,0.3056,0.4856,0.5389,0.5694,0.5858,0.5855,0.5631,0.5988,0.6135,0.6239,0.6365,0.6517,0.6632,0.6443,0.6957,0.7289,0.7585,0.7909,0.8262,0.8553,0.8398,0.9152,0.9672,1.0063,1.0170,1.0763,1.1294,1.1651,1.1406,1.2421,1.3076,1.3529,1.3595,1.4313,1.4892,1.5215,1.4755,1.5958,1.6601,1.6930,1.6774,1.7398,1.7606,1.7256,1.5915,1.6357,1.5435,1.0082,0.8723,0.7061
0.260,0.1831,0.1924,0.2618,0.3079,0.4894,0.5430,0.5736,0.5900,0.5896,0.5669,0.6028,0.6174,0.6276,0.6401,0.6551,0.6663,0.6472,0.6986,0.7317,0.7610,0.7933,0.8283,0.8571,0.8414,0.9166,0.9684,1.0071,1.0176,1.0767,1.1295,1.1648,1.1401,1.2412,1.3063,1.3511,1.3575,1.4289,1.4864,1.5183,1.4721,1.5919,1.6558,1.6883,1.6726,1.7346,1.7552,1.7201,1.5864,1.6303,1.5384,1.0048,0.8693,0.7038
0.265,0.1842,0.1935,0.2633,0.3097,0.4922,0.5461,0.5768,0.5931,0.5927,0.5698,0.6058,0.6203,0.6305,0.6428,0.6577,0.6688,0.6495,0.7009,0.7339,0.7631,0.7951,0.8300,0.8586,0.8427,0.9179,0.9694,1.0079,1.0182,1.0772,1.1296,1.1647,1.1397,1.2407,1.3054,1.3499,1.3561,1.4272,1.4843,1.5159,1.4696,1.5889,1.6524,1.6846,1.6688,1.7305,1.7508,1.7157,1.5823,1.6260,1.5342,1.0020,0.8669,0.7019
0.270,0.1850,0.1944,0.2645,0.3111,0.4944,0.5485,0.5793,0.5956,0.5951,0.5721,0.6081,0.6226,0.6327,0.6449,0.6597,0.6708,0.6512,0.7027,0.7356,0.7647,0.7967,0.8314,0.8599,0.8438,0.9189,0.9704,1.0087,1.0188,1.0776,1.1299,1.1647,1.1396,1.2403,1.3048,1.3490,1.3550,1.4259,1.4827,1.5140,1.4676,1.5866,1.6497,1.6817,1.6657,1.7271,1.7473,1.7121,1.5789,1.6224,1.5307,0.9996,0.8649,0.7002
0.275,0.1857,0.1951,0.2655,0.3123,0.4963,0.5505,0.5814,0.5977,0.5971,0.5740,0.6101,0.6245,0.6346,0.6467,0.6615,0.6724,0.6528,0.7043,0.7372,0.7662,0.7980,0.8327,0.8610,0.8448,0.9199,0.9712,1.0094,1.0194,1.0781,1.1302,1.1648,1.1396,1.2401,1.3044,1.3483,1.3542,1.4248,1.4813,1.5124,1.4659,1.5845,1.6474,1.6791,1.6631,1.7242,1.7441,1.7089,1.5759,1.6192,1.5276,0.9975,0.8631,0.6988
0.280,0.1864,0.1958,0.2665,0.3134,0.4981,0.5524,0.5834,0.5997,0.5990,0.5758,0.6119,0.6263,0.6363,0.6484,0.6631,0.6740,0.6542,0.7058,0.7386,0.7675,0.7993,0.8339,0.8621,0.8458,0.9208,0.9720,1.0101,1.0200,1.0786,1.1305,1.1649,1.1396,1.2400,1.3040,1.3477,1.3534,1.4238,1.4801,1.5109,1.4644,1.5827,1.6452,1.6767,1.6605,1.7214,1.7411,1.7058,1.5730,1.6162,1.5246,0.9955,0.8613,0.6973
0.285,0.1870,0.1965,0.2674,0.3145,0.4999,0.5544,0.5854,0.6017,0.6010,0.5776,0.6138,0.6282,0.6381,0.6501,0.6648,0.6756,0.6557,0.7072,0.7400,0.7689,0.8006,0.8351,0.8632,0.8468,0.9218,0.9729,1.0108,1.0206,1.0790,1.1308,1.1651,1.1396,1.2398,1.3036,1.3471,1.3527,1.4228,1.4789,1.5094,1.4628,1.5807,1.6430,1.6742,1.6580,1.7186,1.7381,1.7027,1.5701,1.6131,1.5216,0.9934,0.8595,0.6959
0.290,0.1877,0.1972,0.2684,0.3157,0.5018,0.5565,0.5875,0.6038,0.6030,0.5796,0.6158,0.6301,0.6400,0.6520,0.6665,0.6772,0.6572,0.7088,0.7415,0.7703,0.8019,0.8363,0.8644,0.8478,0.9227,0.9737,1.0115,1.0212,1.0795,1.1311,1.1652,1.1396,1.2396,1.3032,1.3464,1.3518,1.4218,1.4775,1.5078,1.4611,1.5787,1.6407,1.6716,1.6553,1.7156,1.7350,1.6995,1.5670,1.6098,1.5185,0.9913,0.8577,0.6945
0.295,0.1885,0.1981,0.2696,0.3171,0.5038,0.5587,0.5899,0.6061,0.6053,0.5817,0.6180,0.6323,0.6420,0.6539,0.6684,0.6790,0.6589,0.7105,0.7431,0.7718,0.8033,0.8376,0.8655,0.8488,0.9237,0.9746,1.0122,1.0217,1.0799,1.1314,1.1652,1.1395,1.2393,1.3026,1.3457,1.3509,1.4206,1.4761,1.5061,1.4593,1.5765,1.6382,1.6689,1.6524,1.7125,1.7316,1.6961,1.5638,1.6064,1.5152,0.9891,0.8558,0.6929
0.300,0.1894,0.1990,0.2708,0.3185,0.5061,0.5612,0.5924,0.6086,0.6077,0.5840,0.6203,0.6345,0.6442,0.6560,0.6704,0.6809,0.6606,0.7122,0.7448,0.7734,0.8048,0.8390,0.8667,0.8499,0.9247,0.9754,1.0129,1.0223,1.0804,1.1316,1.1652,1.1393,1.2389,1.3020,1.3448,1.3498,1.4193,1.4745,1.5042,1.4573,1.5742,1.6356,1.6660,1.6494,1.7092,1.7281,1.6924,1.5604,1.6029,1.5118,0.9868,0.8538,0.6915
0.305,0.1903,0.1999,0.2720,0.3200,0.5084,0.5637,0.5950,0.6113,0.6103,0.5864,0.6228,0.6370,0.6465,0.6583,0.6725,0.6829,0.6625,0.7141,0.7466,0.7750,0.8063,0.8404,0.8680,0.8509,0.9257,0.9763,1.0136,1.0228,1.0808,1.1318,1.1652,1.1392,1.2385,1.3014,1.3439,1.3487,1.4179,1.4728,1.5023,1.4553,1.5718,1.6328,1.6629,1.6462,1.7057,1.7244,1.6887,1.5569,1.5991,1.5082,0.9844,0.8517,0.6898
0.310,0.1912,0.2009,0.2734,0.3215,0.5109,0.5664,0.5978,0.6140,0.6130,0.5889,0.6254,0.6395,0.6490,0.6606,0.6748,0.6850,0.6644,0.7160,0.7484,0.7767,0.8079,0.8418,0.8693,0.8520,0.9267,0.9772,1.0143,1.0234,1.0812,1.1320,1.1651,1.1389,1.2381,1.3007,1.3429,1.3475,1.4165,1.4710,1.5002,1.4531,1.5692,1.6299,1.6597,1.6429,1.7022,1.7206,1.6848,1.5533,1.5953,1.5045,0.9820,0.8497,0.6883
0.315,0.1922,0.2019,0.2748,0.3232,0.5135,0.5692,0.6007,0.6169,0.6157,0.5915,0.6281,0.6421,0.6515,0.6630,0.6770,0.6872,0.6663,0.7180,0.7503,0.7785,0.8095,0.8433,0.8705,0.8531,0.9278,0.9780,1.0150,1.0239,1.0815,1.1321,1.1651,1.1387,1.2376,1.2999,1.3418,1.3463,1.4150,1.4692,1.4981,1.4509,1.5667,1.6270,1.6565,1.6396,1.6985,1.7167,1.6809,1.5496,1.5914,1.5008,0.9795,0.8475,0.6866
0.320,0.1932,0.2030,0.2762,0.3248,0.5161,0.5721,0.6036,0.6198,0.6186,0.5942,0.6308,0.6447,0.6540,0.6654,0.6793,0.6893,0.6683,0.7200,0.7521,0.7802,0.8111,0.8447,0.8718,0.8543,0.9288,0.9789,1.0156,1.0244,1.0819,1.1322,1.1650,1.1384,1.2371,1.2991,1.3408,1.3451,1.4135,1.4674,1.4960,1.4487,1.5640,1.6240,1.6532,1.6362,1.6948,1.7128,1.6769,1.5458,1.5875,1.4970,0.9770,0.8454,0.6850
0.325,0.1942,0.2040,0.2776,0.3265,0.5187,0.5750,0.6066,0.6228,0.6214,0.5969,0.6336,0.6474,0.6566,0.6679,0.6817,0.6915,0.6703,0.7220,0.7540,0.7820,0.8128,0.8462,0.8731,0.8554,0.9298,0.9798,1.0163,1.0249,1.0822,1.1324,1.1648,1.1381,1.2366,1.2983,1.3397,1.3438,1.4119,1.4655,1.4938,1.4464,1.5614,1.6210,1.6499,1.6328,1.6911,1.7089,1.6728,1.5420,1.5835,1.4932,0.9744,0.8432,0.6833
0.330,0.1952,0.2051,0.2791,0.3282,0.5214,0.5778,0.6095,0.6257,0.6243,0.5996,0.6363,0.6501,0.6592,0.6703,0.6840,0.6937,0.6723,0.7240,0.7559,0.7837,0.8144,0.8476,0.8744,0.8564,0.9309,0.9806,1.0169,1.0254,1.0826,1.1325,1.1647,1.1378,1.2361,1.2975,1.3386,1.3425,1.4104,1.4636,1.4917,1.4442,1.5587,1.6180,1.6467,1.6293,1.6874,1.7049,1.6688,1.5383,1.5795,1.4894,0.9719,0.8410,0.6816
0.335,0.1962,0.2062,0.2805,0.3299,0.5240,0.5807,0.6125,0.6287,0.6272,0.6023,0.6391,0.6528,0.6618,0.6728,0.6863,0.6959,0.6743,0.7259,0.7578,0.7855,0.8159,0.8491,0.8756,0.8575,0.9318,0.9814,1.0176,1.0259,1.0829,1.1326,1.1646,1.1375,1.2356,1.2967,1.3375,1.3413,1.4088,1.4618,1.4895,1.4419,1.5561,1.6150,1.6434,1.6260,1.6837,1.7010,1.6648,1.5345,1.5756,1.4856,0.9694,0.8389,0.6800
0.340,0.1972,0.2072,0.2820,0.3316,0.5267,0.5836,0.6155,0.6316,0.6300,0.6050,0.6419,0.6555,0.6643,0.6752,0.6887,0.6981,0.6762,0.7279,0.7597,0.7872,0.8175,0.8505,0.8769,0.8586,0.9328,0.9823,1.0182,1.0264,1.0832,1.1327,1.1644,1.1372,1.2350,1.2959,1.3364,1.3400,1.4073,1.4599,1.4874,1.4397,1.5535,1.6121,1.6402,1.6226,1.6801,1.6971,1.6609,1.5308,1.5717,1.4818,0.9669,0.8367,0.6783
0.345,0.1982,0.2083,0.2834,0.3332,0.5293,0.5865,0.6184,0.6346,0.6329,0.6076,0.6446,0.6582,0.6669,0.6776,0.6910,0.7002,0.6782,0.7299,0.7615,0.7889,0.8191,0.8519,0.8781,0.8596,0.9338,0.9831,1.0188,1.0268,1.0835,1.1327,1.1643,1.1369,1.2345,1.2951,1.3354,1.3387,1.4058,1.4581,1.4853,1.4375,1.5509,1.6091,1.6369,1.6193,1.6765,1.6933,1.6570,1.5271,1.5678,1.4781,0.9644,0.8346,0.6768
0.350,0.1992,0.2093,0.2848,0.3349,0.5319,0.5893,0.6214,0.6375,0.6357,0.6103,0.6473,0.6608,0.6694,0.6801,0.6932,0.7023,0.6801,0.7318,0.7633,0.7906,0.8206,0.8532,0.8793,0.8606,0.9347,0.9838,1.0194,1.0272,1.0838,1.1328,1.1641,1.1366,1.2340,1.2943,1.3343,1.3375,1.4043,1.4563,1.4832,1.4353,1.5483,1.6063,1.6338,1.6160,1.6729,1.6895,1.6531,1.5235,1.5640,1.4744,0.9620,0.8325,0.6751
0.355,0.2002,0.2104,0.2862,0.3365,0.5345,0.5921,0.6242,0.6404,0.6385,0.6129,0.6500,0.6634,0.6719,0.6824,0.6955,0.7044,0.6820,0.7337,0.7651,0.7922,0.8221,0.8546,0.8805,0.8616,0.9357,0.9846,1.0200,1.0277,1.0841,1.1329,1.1640,1.1363,1.2334,1.2935,1.3332,1.3363,1.4028,1.4545,1.4811,1.4332,1.5458,1.6034,1.6307,1.6128,1.6694,1.6858,1.6493,1.5199,1.5602,1.4708,0.9596,0.8304,0.6735
0.360,0.2012,0.2114,0.2876,0.3382,0.5371,0.5949,0.6271,0.6432,0.6412,0.6155,0.6527,0.6660,0.6744,0.6848,0.6977,0.7065,0.6839,0.7356,0.7668,0.7938,0.8236,0.8559,0.8816,0.8626,0.9366,0.9853,1.0205,1.0281,1.0843,1.1329,1.1638,1.1360,1.2329,1.2927,1.3322,1.3351,1.4013,1.4528,1.4791,1.4311,1.5433,1.6006,1.6276,1.6096,1.6659,1.6821,1.6455,1.5164,1.5565,1.4672,0.9572,0.8284,0.6720
0.365,0.2022,0.2124,0.2890,0.3398,0.5396,0.5976,0.6299,0.6460,0.6440,0.6181,0.6553,0.6686,0.6768,0.6871,0.6999,0.7085,0.6857,0.7374,0.7686,0.7954,0.8250,0.8572,0.8827,0.8636,0.9374,0.9861,1.0211,1.0285,1.0846,1.1330,1.1636,1.1357,1.2324,1.2920,1.3312,1.3339,1.3999,1.4510,1.4771,1.4290,1.5409,1.5978,1.6246,1.6064,1.6625,1.6784,1.6418,1.5129,1.5528,1.4636,0.9548,0.8263,0.6704
0.370,0.2031,0.2134,0.2903,0.3414,0.5421,0.6003,0.6327,0.6488,0.6467,0.6206,0.6579,0.6711,0.6792,0.6894,0.7021,0.7105,0.6876,0.7392,0.7703,0.7970,0.8264,0.8585,0.8838,0.8645,0.9383,0.9868,1.0216,1.0288,1.0848,1.1330,1.1634,1.1354,1.2318,1.2912,1.3301,1.3327,1.3985,1.4493,1.4751,1.4269,1.5385,1.5951,1.6216,1.6034,1.6591,1.6749,1.6382,1.5095,1.5492,1.4601,0.9525,0.8243,0.6689
0.375,0.2041,0.2144,0.2917,0.3429,0.5446,0.6030,0.6355,0.6516,0.6494,0.6231,0.6605,0.6736,0.6816,0.6917,0.7042,0.7125,0.6894,0.7410,0.7720,0.7985,0.8278,0.8597,0.8849,0.8654,0.9391,0.9874,1.0221,1.0292,1.0850,1.1330,1.1633,1.1350,1.2313,1.2904,1.3291,1.3315,1.3971,1.4476,1.4732,1.4249,1.5361,1.5924,1.6186,1.6003,1.6558,1.6714,1.6346,1.5061,1.5456,1.4567,0.9502,0.8223,0.6673
0.380,0.2050,0.2154,0.2930,0.3445,0.5470,0.6057,0.6383,0.6543,0.6520,0.6256,0.6631,0.6761,0.6840,0.6939,0.7063,0.7145,0.6911,0.7428,0.7736,0.8000,0.8292,0.8609,0.8860,0.8663,0.9399,0.9881,1.0226,1.0296,1.0852,1.1330,1.1631,1.1347,1.2308,1.2896,1.3281,1.3303,1.3957,1.4459,1.4713,1.4229,1.5337,1.5898,1.6157,1.5973,1.6526,1.6679,1.6310,1.5028,1.5421,1.4533,0.9480,0.8204,0.6659
0.390,0.2060,0.2165,0.2945,0.3462,0.5497,0.6087,0.6413,0.6573,0.6549,0.6284,0.6659,0.6789,0.6866,0.6964,0.7087,0.7167,0.6931,0.7447,0.7754,0.8017,0.8307,0.8623,0.8871,0.8673,0.9408,0.9888,1.0231,1.0299,1.0854,1.1330,1.1628,1.1343,1.2302,1.2888,1.3270,1.3290,1.3941,1.4441,1.4691,1.4207,1.5312,1.5869,1.6126,1.5940,1.6490,1.6641,1.6272,1.4991,1.5382,1.4496,0.9455,0.8182,0.6642
0.400,0.2078,0.2183,0.2970,0.3491,0.5543,0.6137,0.6465,0.6625,0.6600,0.6331,0.6707,0.6835,0.6911,0.7007,0.7127,0.7204,0.6965,0.7481,0.7785,0.8045,0.8333,0.8645,0.8891,0.8689,0.9423,0.9900,1.0240,1.0305,1.0858,1.1330,1.1624,1.1337,1.2292,1.2873,1.3251,1.3268,1.3915,1.4410,1.4655,1.4170,1.5268,1.5819,1.6071,1.5884,1.6429,1.6576,1.6205,1.4929,1.5316,1.4432,0.9412,0.8146,0.6614
0.410,0.2096,0.2202,0.2995,0.3521,0.5590,0.6188,0.6517,0.6677,0.6650,0.6378,0.6756,0.6883,0.6956,0.7050,0.7167,0.7241,0.6998,0.7514,0.7817,0.8074,0.8358,0.8668,0.8910,0.8705,0.9438,0.9912,1.0248,1.0311,1.0861,1.1330,1.1620,1.1330,1.2281,1.2858,1.3231,1.3246,1.3888,1.4378,1.4619,1.4132,1.5224,1.5770,1.6017,1.5828,1.6368,1.6511,1.6139,1.4866,1.5250,1.4368,0.9370,0.8109,0.6586
0.420,0.2113,0.2220,0.3020,0.3550,0.5635,0.6237,0.6568,0.6728,0.6699,0.6425,0.6804,0.6929,0.7000,0.7091,0.7207,0.7278,0.7031,0.7547,0.7847,0.8101,0.8383,0.8690,0.8928,0.8721,0.9452,0.9923,1.0256,1.0316,1.0864,1.1329,1.1616,1.1323,1.2271,1.2843,1.3212,1.3224,1.3862,1.4347,1.4584,1.4096,1.5181,1.5722,1.5964,1.5773,1.6308,1.6448,1.6074,1.4806,1.5186,1.4307,0.9329,0.8074,0.6558
0.430,0.2130,0.2238,0.3044,0.3578,0.5679,0.6285,0.6618,0.6778,0.6747,0.6470,0.6850,0.6974,0.7043,0.7132,0.7245,0.7313,0.7063,0.7578,0.7876,0.8128,0.8406,0.8710,0.8946,0.8736,0.9465,0.9933,1.0263,1.0321,1.0866,1.1328,1.1611,1.1316,1.2260,1.2829,1.3194,1.3203,1.3837,1.4317,1.4550,1.4060,1.5140,1.5675,1.5914,1.5721,1.6251,1.6387,1.6012,1.4747,1.5125,1.4247,0.9289,0.8039,0.6532
0.440,0.2146,0.2255,0.3067,0.3605,0.5723,0.6332,0.6666,0.6826,0.6794,0.6514,0.6895,0.7018,0.7085,0.7172,0.7283,0.7348,0.7094,0.7609,0.7905,0.8154,0.8430,0.8731,0.8963,0.8750,0.9477,0.9943,1.0270,1.0325,1.0868,1.1326,1.1606,1.1309,1.2249,1.2814,1.3175,1.3182,1.3812,1.4288,1.4517,1.4026,1.5099,1.5630,1.5864,1.5670,1.6196,1.6328,1.5952,1.4691,1.5065,1.4189,0.9251,0.8006,0.6506
0.450,0.2163,0.2272,0.3090,0.3632,0.5765,0.6378,0.6714,0.6873,0.6840,0.6557,0.6939,0.7061,0.7126,0.7211,0.7319,0.7382,0.7125,0.7639,0.7933,0.8179,0.8452,0.8750,0.8979,0.8763,0.9489,0.9952,1.0276,1.0329,1.0869,1.1324,1.1601,1.1302,1.2239,1.2800,1.3157,1.3161,1.3788,1.4259,1.4484,1.3992,1.5060,1.5586,1.5816,1.5620,1.6142,1.6271,1.5894,1.4636,1.5007,1.4133,0.9213,0.7974,0.6482
0.460,0.2178,0.2288,0.3112,0.3658,0.5806,0.6423,0.6760,0.6919,0.6885,0.6599,0.6983,0.7103,0.7167,0.7249,0.7355,0.7415,0.7155,0.7669,0.7960,0.8204,0.8474,0.8769,0.8995,0.8776,0.9501,0.9961,1.0282,1.0333,1.0871,1.1322,1.1596,1.1295,1.2228,1.2786,1.3139,1.3141,1.3764,1.4231,1.4452,1.3959,1.5022,1.5543,1.5770,1.5572,1.6090,1.6216,1.5837,1.4583,1.4951,1.4079,0.9177,0.7942,0.6457
0.470,0.2193,0.2304,0.3134,0.3684,0.5846,0.6466,0.6805,0.6964,0.6928,0.6640,0.7025,0.7144,0.7206,0.7286,0.7390,0.7448,0.7184,0.7698,0.7986,0.8228,0.8495,0.8788,0.9011,0.8789,0.9512,0.9969,1.0287,1.0336,1.0871,1.1320,1.1590,1.1287,1.2218,1.2771,1.3121,1.3121,1.3740,1.4204,1.4421,1.3927,1.4985,1.5502,1.5725,1.5525,1.6039,1.6162,1.5782,1.4531,1.4896,1.4026,0.9142,0.7912,0.6434
0.480,0.2208,0.2320,0.3155,0.3708,0.5885,0.6509,0.6849,0.7008,0.6971,0.6680,0.7066,0.7184,0.7244,0.7323,0.7424,0.7479,0.7212,0.7726,0.8013,0.8251,0.8516,0.8806,0.9026,0.8801,0.9523,0.9977,1.0293,1.0339,1.0872,1.1318,1.1584,1.1280,1.2207,1.2757,1.3104,1.3101,1.3717,1.4177,1.4391,1.3896,1.4949,1.5461,1.5681,1.5480,1.5990,1.6110,1.5729,1.4481,1.4843,1.3975,0.9108,0.7882,0.6411
0.490,0.2223,0.2335,0.3176,0.3733,0.5923,0.6550,0.6892,0.7051,0.7013,0.6719,0.7107,0.7223,0.7282,0.7358,0.7458,0.7510,0.7240,0.7754,0.8038,0.8274,0.8536,0.8823,0.9040,0.8813,0.9533,0.9985,1.0297,1.0341,1.0872,1.1315,1.1579,1.1272,1.2196,1.2743,1.3086,1.3082,1.3695,1.4151,1.4361,1.3866,1.4914,1.5422,1.5638,1.5436,1.5942,1.6059,1.5677,1.4433,1.4792,1.3925,0.9075,0.7853,0.6389
0.500,0.2237,0.2350,0.3196,0.3756,0.5960,0.6591,0.6934,0.7093,0.7053,0.6758,0.7146,0.7262,0.7319,0.7393,0.7491,0.7541,0.7268,0.7781,0.8063,0.8297,0.8556,0.8840,0.9055,0.8825,0.9543,0.9992,1.0302,1.0344,1.0872,1.1312,1.1573,1.1264,1.2186,1.2729,1.3069,1.3063,1.3672,1.4125,1.4332,1.3836,1.4879,1.5383,1.5596,1.5393,1.5896,1.6010,1.5627,1.4385,1.4742,1.3877,0.9042,0.7825,0.6367
0.510,0.2251,0.2364,0.3216,0.3779,0.5996,0.6630,0.6974,0.7134,0.7093,0.6795,0.7184,0.7299,0.7355,0.7427,0.7523,0.7571,0.7295,0.7807,0.8088,0.8319,0.8576,0.8857,0.9069,0.8836,0.9553,1.0000,1.0306,1.0346,1.0872,1.1309,1.1567,1.1257,1.2175,1.2715,1.3052,1.3044,1.3650,1.4099,1.4304,1.3806,1.4845,1.5346,1.5555,1.5351,1.5850,1.5962,1.5578,1.4339,1.4694,1.3830,0.9011,0.7798,0.6346
0.520,0.2264,0.2379,0.3235,0.3802,0.6031,0.6669,0.7014,0.7173,0.7132,0.6832,0.7222,0.7336,0.7390,0.7461,0.7555,0.7600,0.7321,0.7834,0.8112,0.8341,0.8595,0.8874,0.9082,0.8847,0.9562,1.0007,1.0310,1.0348,1.0872,1.1306,1.1561,1.1249,1.2164,1.2701,1.3035,1.3025,1.3628,1.4074,1.4275,1.3778,1.4812,1.5309,1.5515,1.5310,1.5806,1.5915,1.5531,1.4295,1.4647,1.3785,0.8981,0.7772,0.6326
0.530,0.2278,0.2392,0.3254,0.3824,0.6066,0.6707,0.7053,0.7212,0.7170,0.6867,0.7259,0.7372,0.7424,0.7494,0.7586,0.7629,0.7347,0.7859,0.8136,0.8362,0.8614,0.8890,0.9096,0.8858,0.9572,1.0013,1.0314,1.0350,1.0872,1.1303,1.1555,1.1241,1.2154,1.2688,1.3019,1.3006,1.3607,1.4049,1.4248,1.3749,1.4779,1.5273,1.5477,1.5270,1.5763,1.5870,1.5484,1.4251,1.4601,1.3741,0.8951,0.7746,0.6306
0.540,0.2290,0.2406,0.3272,0.3845,0.6100,0.6743,0.7091,0.7250,0.7207,0.6902,0.7295,0.7407,0.7458,0.7526,0.7616,0.7657,0.7372,0.7885,0.8159,0.8383,0.8633,0.8907,0.9109,0.8869,0.9581,1.0020,1.0318,1.0352,1.0871,1.1299,1.1549,1.1233,1.2143,1.2674,1.3002,1.2988,1.3586,1.4025,1.4221,1.3722,1.4748,1.5237,1.5438,1.5231,1.5721,1.5825,1.5439,1.4209,1.4556,1.3697,0.8923,0.7721,0.6287
0.550,0.2303,0.2419,0.3290,0.3866,0.6132,0.6779,0.7128,0.7287,0.7243,0.6936,0.7330,0.7441,0.7491,0.7557,0.7646,0.7685,0.7397,0.7909,0.8182,0.8404,0.8651,0.8922,0.9122,0.8880,0.9590,1.0027,1.0322,1.0354,1.0871,1.1296,1.1543,1.1226,1.2133,1.2661,1.2986,1.2970,1.3565,1.4001,1.4194,1.3695,1.4716,1.5203,1.5401,1.5193,1.5680,1.5782,1.5395,1.4168,1.4513,1.3655,0.8894,0.7697,0.6268
0.560,0.2315,0.2432,0.3307,0.3886,0.6164,0.6814,0.7165,0.7324,0.7278,0.6969,0.7364,0.7475,0.7523,0.7588,0.7675,0.7712,0.7422,0.7934,0.8205,0.8424,0.8669,0.8938,0.9136,0.8890,0.9599,1.0034,1.0326,1.0355,1.0871,1.1293,1.1537,1.1218,1.2123,1.2647,1.2970,1.2952,1.3544,1.3977,1.4168,1.3668,1.4686,1.5169,1.5365,1.5155,1.5640,1.5740,1.5352,1.4127,1.4470,1.3615,0.8867,0.7673,0.6250
0.570,0.2327,0.2444,0.3324,0.3906,0.6196,0.6848,0.7200,0.7359,0.7312,0.7002,0.7397,0.7507,0.7554,0.7618,0.7703,0.7738,0.7446,0.7957,0.8227,0.8445,0.8687,0.8954,0.9149,0.8901,0.9609,1.0040,1.0331,1.0357,1.0871,1.1290,1.1531,1.1211,1.2113,1.2634,1.2954,1.2935,1.3524,1.3954,1.4142,1.3642,1.4656,1.5136,1.5329,1.5119,1.5600,1.5698,1.5310,1.4088,1.4429,1.3574,0.8841,0.7650,0.6231
0.580,0.2339,0.2456,0.3341,0.3925,0.6226,0.6881,0.7234,0.7393,0.7346,0.7033,0.7430,0.7539,0.7585,0.7647,0.7731,0.7764,0.7469,0.7981,0.8249,0.8464,0.8705,0.8969,0.9161,0.8911,0.9618,1.0047,1.0335,1.0360,1.0871,1.1288,1.1526,1.1204,1.2103,1.2621,1.2938,1.2917,1.3504,1.3931,1.4117,1.3616,1.4626,1.5103,1.5294,1.5083,1.5562,1.5658,1.5269,1.4049,1.4388,1.3536,0.8815,0.7628,0.6214
0.590,0.2350,0.2468,0.3357,0.3944,0.6256,0.6914,0.7268,0.7427,0.7378,0.7064,0.7462,0.7570,0.7615,0.7676,0.7758,0.7790,0.7492,0.8004,0.8270,0.8484,0.8722,0.8984,0.9174,0.8922,0.9627,1.0054,1.0339,1.0362,1.0871,1.1285,1.1521,1.1197,1.2093,1.2609,1.2923,1.2901,1.3485,1.3909,1.4092,1.3590,1.4597,1.5071,1.5260,1.5048,1.5524,1.5618,1.5229,1.4012,1.4349,1.3497,0.8789,0.7606,0.6197
0.620,0.2383,0.2503,0.3403,0.3999,0.6341,0.7006,0.7362,0.7521,0.7469,0.7149,0.7548,0.7654,0.7696,0.7754,0.7834,0.7862,0.7560,0.8074,0.8341,0.8554,0.8791,0.9051,0.9238,0.8980,0.9685,1.0108,1.0387,1.0404,1.0908,1.1313,1.1537,1.1204,1.2091,1.2592,1.2890,1.2857,1.3427,1.3833,1.4000,1.3492,1.4482,1.4942,1.5122,1.4908,1.5378,1.5469,1.5083,1.3877,1.4211,1.3366,0.8701,0.7528,0.6130
0.650,0.2448,0.2572,0.3497,0.4108,0.6513,0.7194,0.7556,0.7714,0.7657,0.7326,0.7732,0.7834,0.7871,0.7924,0.8000,0.8023,0.7711,0.8231,0.8495,0.8705,0.8938,0.9192,0.9370,0.9100,0.9804,1.0217,1.0483,1.0486,1.0979,1.1365,1.1568,1.1217,1.2084,1.2558,1.2828,1.2773,1.3317,1.3692,1.3830,1.3309,1.4267,1.4700,1.4859,1.4638,1.5088,1.5165,1.4774,1.3584,1.3899,1.3054,0.8482,0.7325,0.5946
0.680,0.2503,0.2629,0.3574,0.4199,0.6656,0.7350,0.7718,0.7876,0.7815,0.7475,0.7886,0.7987,0.8020,0.8070,0.8142,0.8161,0.7839,0.8364,0.8627,0.8833,0.9061,0.9310,0.9481,0.9199,0.9902,1.0308,1.0562,1.0554,1.1038,1.1410,1.1595,1.1229,1.2082,1.2535,1.2782,1.2711,1.3236,1.3585,1.3701,1.3170,1.4102,1.4511,1.4650,1.4420,1.4851,1.4910,1.4507,1.3324,1.3620,1.2766,0.8274,0.7128,0.5763
0.710,0.2568,0.2697,0.3667,0.4308,0.6828,0.7537,0.7911,0.8069,0.8003,0.7653,0.8071,0.8170,0.8199,0.8246,0.8316,0.8331,0.8000,0.8533,0.8797,0.9002,0.9228,0.9473,0.9636,0.9341,1.0046,1.0442,1.0683,1.0661,1.1135,1.1486,1.1648,1.1261,1.2095,1.2519,1.2735,1.2640,1.3137,1.3452,1.3535,1.2990,1.3889,1.4266,1.4380,1.4139,1.4544,1.4578,1.4159,1.2984,1.3251,1.2382,0.7995,0.6864,0.5520
0.740,0.2610,0.2741,0.3727,0.4378,0.6938,0.7658,0.8036,0.8195,0.8126,0.7770,0.8193,0.8291,0.8319,0.8365,0.8434,0.8448,0.8112,0.8650,0.8916,0.9120,0.9345,0.9588,0.9746,0.9442,1.0148,1.0539,1.0771,1.0740,1.1207,1.1546,1.1693,1.1292,1.2113,1.2519,1.2714,1.2604,1.3083,1.3375,1.3437,1.2881,1.3756,1.4111,1.4204,1.3951,1.4334,1.4346,1.3908,1.2735,1.2977,1.2091,0.7780,0.6661,0.5336
0.770,0.2694,0.2829,0.3846,0.4517,0.7159,0.7899,0.8286,0.8447,0.8373,0.8003,0.8436,0.8533,0.8557,0.8599,0.8666,0.8675,0.8325,0.8873,0.9138,0.9339,0.9559,0.9795,0.9943,0.9622,1.0329,1.0709,1.0924,1.0876,1.1330,1.1646,1.1766,1.1341,1.2140,1.2512,1.2671,1.2534,1.2981,1.3232,1.3255,1.2680,1.3512,1.3822,1.3876,1.3598,1.3940,1.3904,1.3429,1.2255,1.2448,1.1530,0.7370,0.6277,0.4999
0.800,0.2734,0.2871,0.3903,0.4584,0.7264,0.8015,0.8406,0.8568,0.8492,0.8116,0.8554,0.8653,0.8677,0.8721,0.8789,0.8800,0.8445,0.9002,0.9271,0.9473,0.9694,0.9929,1.0073,0.9742,1.0451,1.0825,1.1030,1.0972,1.1418,1.1719,1.1821,1.1378,1.2164,1.2513,1.2649,1.2494,1.2920,1.3147,1.3148,1.2562,1.3371,1.3658,1.3691,1.3401,1.3719,1.3657,1.3160,1.1985,1.2150,1.1211,0.7136,0.6060,0.4812
0.830,0.2809,0.2951,0.4011,0.4711,0.7464,0.8234,0.8634,0.8798,0.8718,0.8331,0.8779,0.8877,0.8899,0.8941,0.9007,0.9014,0.8648,0.9214,0.9483,0.9682,0.9899,1.0128,1.0263,0.9916,1.0626,1.0991,1.1181,1.1108,1.1542,1.1824,1.1901,1.1436,1.2203,1.2524,1.2627,1.2448,1.2846,1.3036,1.3001,1.2395,1.3163,1.3406,1.3393,1.3074,1.3343,1.3225,1.2679,1.1496,1.1607,1.0632,0.6717,0.5678,0.4488
0.860,0.2851,0.2994,0.4070,0.4780,0.7573,0.8354,0.8760,0.8925,0.8844,0.8452,0.8907,0.9008,0.9033,0.9078,0.9150,0.9160,0.8790,0.9368,0.9643,0.9846,1.0066,1.0296,1.0428,1.0071,1.0786,1.1146,1.1327,1.1242,1.1669,1.1936,1.1994,1.1509,1.2263,1.2559,1.2635,1.2435,1.2811,1.2971,1.2906,1.2282,1.3019,1.3226,1.3177,1.2832,1.3063,1.2897,1.2310,1.1119,1.1187,1.0189,0.6403,0.5400,0.4262
0.890,0.2935,0.3083,0.4191,0.4922,0.7797,0.8600,0.9016,0.9185,0.9100,0.8695,0.9162,0.9264,0.9288,0.9332,0.9403,0.9409,0.9026,0.9615,0.9890,1.0091,1.0305,1.0529,1.0648,1.0272,1.0988,1.1336,1.1499,1.1395,1.1809,1.2051,1.2080,1.1568,1.2300,1.2562,1.2601,1.2373,1.2717,1.2835,1.2731,1.2084,1.2774,1.2928,1.2825,1.2444,1.2616,1.2382,1.1740,1.0544,1.0558,0.9548,0.5969,0.5024,0.3962
0.920,0.2965,0.3114,0.4233,0.4972,0.7877,0.8688,0.9108,0.9279,0.9194,0.8786,0.9258,0.9364,0.9390,0.9438,0.9512,0.9522,0.9136,0.9733,1.0013,1.0216,1.0431,1.0655,1.0771,1.0386,1.1105,1.1448,1.1602,1.1489,1.1897,1.2126,1.2139,1.1613,1.2334,1.2577,1.2597,1.2354,1.2682,1.2780,1.2656,1.1997,1.2665,1.2792,1.2662,1.2263,1.2405,1.2136,1.1464,1.0263,1.0251,0.9236,0.5760,0.4845,0.3819
0.950,0.3008,0.3159,0.4294,0.5043,0.7991,0.8814,0.9241,0.9415,0.9329,0.8916,0.9398,0.9508,0.9538,0.9590,0.9668,0.9681,0.9289,0.9897,1.0182,1.0386,1.0600,1.0821,1.0931,1.0532,1.1253,1.1587,1.1728,1.1601,1.1998,1.2209,1.2200,1.1653,1.2358,1.2577,1.2571,1.2310,1.2619,1.2692,1.2544,1.1873,1.2514,1.2609,1.2446,1.2023,1.2128,1.1813,1.1104,0.9901,0.9856,0.8841,0.5498,0.4622,0.3642
0.980,0.3063,0.3218,0.4374,0.5137,0.8140,0.8978,0.9413,0.9590,0.9503,0.9083,0.9574,0.9686,0.9717,0.9771,0.9851,0.9863,0.9463,1.0081,1.0367,1.0570,1.0783,1.1000,1.1102,1.0689,1.1412,1.1738,1.1866,1.1725,1.2113,1.2307,1.2277,1.1710,1.2400,1.2594,1.2562,1.2280,1.2565,1.2607,1.2427,1.1735,1.2337,1.2386,1.2174,1.1718,1.1773,1.1400,1.0649,0.9450,0.9375,0.8380,0.5203,0.4374,0.3448
1.010,0.3112,0.3269,0.4444,0.5219,0.8269,0.9121,0.9564,0.9746,0.9659,0.9233,0.9734,0.9852,0.9888,0.9946,1.0031,1.0045,0.9638,1.0268,1.0559,1.0762,1.0973,1.1186,1.1281,1.0853,1.1577,1.1893,1.2006,1.1849,1.2226,1.2398,1.2344,1.1755,1.2427,1.2595,1.2535,1.2233,1.2496,1.2509,1.2300,1.1591,1.2157,1.2163,1.1907,1.1420,1.1427,1.1001,1.0214,0.9025,0.8932,0.7971,0.4949,0.4164,0.3285
1.040,0.3147,0.3306,0.4494,0.5279,0.8365,0.9228,0.9678,0.9865,0.9780,0.9350,0.9861,0.9985,1.0025,1.0089,1.0179,1.0196,0.9784,1.0424,1.0718,1.0922,1.1132,1.1341,1.1428,1.0987,1.1711,1.2017,1.2116,1.1945,1.2311,1.2465,1.2389,1.1783,1.2440,1.2587,1.2506,1.2189,1.2435,1.2426,1.2195,1.1472,1.2009,1.1979,1.1685,1.1171,1.1139,1.0672,0.9866,0.8696,0.8599,0.7676,0.4771,0.4018,0.3171
1.070,0.3187,0.3348,0.4552,0.5347,0.8474,0.9350,0.9808,0.9999,0.9915,0.9481,1.0001,1.0130,1.0175,1.0242,1.0336,1.0354,0.9937,1.0586,1.0883,1.1087,1.1295,1.1501,1.1581,1.1126,1.1852,1.2150,1.2236,1.2052,1.2408,1.2545,1.2450,1.1825,1.2469,1.2593,1.2490,1.2154,1.2380,1.2343,1.2081,1.1338,1.1837,1.1762,1.1421,1.0877,1.0801,1.0294,0.9478,0.8341,0.8248,0.7370,0.4587,0.3867,0.3055
1.100,0.3206,0.3368,0.4579,0.5380,0.8528,0.9412,0.9876,1.0074,0.9994,0.9560,1.0090,1.0228,1.0281,1.0356,1.0457,1.0481,1.0062,1.0721,1.1023,1.1229,1.1437,1.1639,1.1712,1.1246,1.1971,1.2260,1.2332,1.2135,1.2481,1.2601,1.2487,1.1847,1.2478,1.2584,1.2463,1.2117,1.2329,1.2273,1.1992,1.1237,1.1711,1.1604,1.1229,1.0662,1.0555,1.0021,0.9204,0.8095,0.8008,0.7167,0.4467,0.3770,0.2981
1.130,0.3259,0.3424,0.4657,0.5470,0.8673,0.9573,1.0047,1.0250,1.0170,0.9730,1.0271,1.0413,1.0468,1.0546,1.0649,1.0672,1.0243,1.0911,1.1214,1.1416,1.1619,1.1814,1.1876,1.1393,1.2116,1.2392,1.2447,1.2234,1.2567,1.2666,1.2529,1.1870,1.2483,1.2565,1.2419,1.2053,1.2241,1.2152,1.1836,1.1058,1.1486,1.1326,1.0898,1.0300,1.0151,0.9593,0.8793,0.7735,0.7661,0.6873,0.4294,0.3629,0.2873
1.160,0.3276,0.3442,0.4681,0.5500,0.8721,0.9629,1.0109,1.0317,1.0241,0.9800,1.0349,1.0498,1.0559,1.0643,1.0751,1.0777,1.0345,1.1021,1.1326,1.1528,1.1729,1.1920,1.1975,1.1481,1.2202,1.2469,1.2513,1.2289,1.2612,1.2698,1.2546,1.1875,1.2478,1.2547,1.2388,1.2013,1.2190,1.2086,1.1752,1.0964,1.1368,1.1180,1.0725,1.0112,0.9944,0.9381,0.8598,0.7571,0.7507,0.6748,0.4222,0.3572,0.2830
1.190,0.3316,0.3485,0.4740,0.5570,0.8834,0.9757,1.0248,1.0464,1.0392,0.9948,1.0510,1.0667,1.0735,1.0825,1.0938,1.0966,1.0527,1.1213,1.1520,1.1720,1.1916,1.2100,1.2142,1.1631,1.2350,1.2603,1.2627,1.2385,1.2695,1.2758,1.2582,1.1892,1.2478,1.2523,1.2339,1.1944,1.2096,1.1957,1.1585,1.0772,1.1128,1.0883,1.0377,0.9740,0.9545,0.8986,0.8245,0.7276,0.7232,0.6523,0.4093,0.3468,0.2752
1.220,0.3338,0.3508,0.4772,0.5608,0.8895,0.9827,1.0324,1.0545,1.0474,1.0028,1.0597,1.0759,1.0830,1.0922,1.1037,1.1066,1.0622,1.1313,1.1620,1.1818,1.2009,1.2188,1.2222,1.1701,1.2416,1.2660,1.2674,1.2422,1.2723,1.2774,1.2586,1.1886,1.2463,1.2496,1.2300,1.1896,1.2036,1.1880,1.1489,1.0665,1.0996,1.0725,1.0197,0.9553,0.9352,0.8805,0.8092,0.7152,0.7117,0.6431,0.4042,0.3427,0.2721
1.250,0.3368,0.3540,0.4816,0.5660,0.8981,0.9926,1.0432,1.0661,1.0595,1.0147,1.0727,1.0897,1.0975,1.1073,1.1192,1.1223,1.0772,1.1472,1.1780,1.1975,1.2161,1.2332,1.2354,1.1816,1.2528,1.2758,1.2754,1.2487,1.2776,1.2807,1.2599,1.1885,1.2448,1.2461,1.2244,1.1825,1.1944,1.1758,1.1334,1.0490,1.0780,1.0464,0.9902,0.9249,0.9043,0.8523,0.7855,0.6962,0.6944,0.6295,0.3966,0.3368,0.2676
1.280,0.3408,0.3583,0.4874,0.5729,0.9092,1.0052,1.0568,1.0804,1.0740,1.0287,1.0878,1.1052,1.1133,1.1232,1.1352,1.1380,1.0920,1.1625,1.1929,1.2116,1.2293,1.2452,1.2459,1.1904,1.2608,1.2822,1.2799,1.2516,1.2791,1.2803,1.2578,1.1852,1.2400,1.2396,1.2161,1.1727,1.1825,1.1609,1.1155,1.0293,1.0543,1.0190,0.9610,0.8967,0.8776,0.8297,0.7677,0.6824,0.6822,0.6203,0.3917,0.3330,0.2649
1.310,0.3439,0.3616,0.4919,0.5783,0.9179,1.0150,1.0673,1.0914,1.0851,1.0395,1.0993,1.1171,1.1253,1.1353,1.1473,1.1499,1.1032,1.1741,1.2043,1.2225,1.2395,1.2545,1.2541,1.1974,1.2673,1.2875,1.2838,1.2544,1.2808,1.2806,1.2567,1.1831,1.2366,1.2346,1.2093,1.1645,1.1724,1.1481,1.0999,1.0123,1.0341,0.9964,0.9381,0.8755,0.8581,0.8136,0.7551,0.6727,0.6735,0.6138,0.3882,0.3304,0.2630
1.340,0.3464,0.3642,0.4956,0.5827,0.9252,1.0235,1.0768,1.1016,1.0957,1.0500,1.1107,1.1291,1.1378,1.1481,1.1602,1.1626,1.1151,1.1864,1.2162,1.2337,1.2497,1.2634,1.2615,1.2033,1.2723,1.2908,1.2855,1.2548,1.2800,1.2783,1.2531,1.1789,1.2314,1.2281,1.2014,1.1557,1.1619,1.1352,1.0845,0.9956,1.0145,0.9748,0.9168,0.8563,0.8412,0.8005,0.7457,0.6660,0.6681,0.6104,0.3869,0.3295,0.2625
1.370,0.3508,0.3688,0.5019,0.5902,0.9373,1.0371,1.0912,1.1166,1.1108,1.0645,1.1262,1.1448,1.1535,1.1637,1.1757,1.1777,1.1291,1.2007,1.2300,1.2467,1.2617,1.2742,1.2707,1.2109,1.2791,1.2961,1.2890,1.2569,1.2808,1.2774,1.2504,1.1749,1.2256,1.2200,1.1908,1.1431,1.1464,1.1160,1.0616,0.9712,0.9865,0.9454,0.8894,0.8324,0.8203,0.7840,0.7333,0.6568,0.6603,0.6048,0.3841,0.3275,0.2611
1.400,0.3547,0.3730,0.5076,0.5969,0.9480,1.0490,1.1038,1.1295,1.1236,1.0767,1.1390,1.1577,1.1661,1.1761,1.1876,1.1889,1.1392,1.2107,1.2392,1.2548,1.2685,1.2796,1.2745,1.2133,1.2805,1.2959,1.2873,1.2541,1.2770,1.2724,1.2444,1.1685,1.2181,1.2114,1.1809,1.1322,1.1339,1.1014,1.0451,0.9542,0.9677,0.9268,0.8731,0.8188,0.8089,0.7757,0.7277,0.6530,0.6574,0.6033,0.3836,0.3274,0.2611
1.430,0.3594,0.3779,0.5144,0.6050,0.9610,1.0637,1.1196,1.1459,1.1401,1.0926,1.1559,1.1749,1.1833,1.1931,1.2043,1.2049,1.1540,1.2258,1.2535,1.2679,1.2802,1.2896,1.2827,1.2197,1.2857,1.2993,1.2887,1.2541,1.2756,1.2691,1.2393,1.1621,1.2097,1.2003,1.1668,1.1159,1.1143,1.0776,1.0176,0.9260,0.9371,0.8974,0.8481,0.7984,0.7921,0.7634,0.7194,0.6474,0.6532,0.6011,0.3830,0.3272,0.2612
1.460,0.3624,0.3811,0.5187,0.6101,0.9692,1.0729,1.1294,1.1560,1.1501,1.1022,1.1660,1.1850,1.1933,1.2027,1.2136,1.2136,1.1618,1.2335,1.2605,1.2739,1.2852,1.2934,1.2851,1.2210,1.2862,1.2986,1.2868,1.2515,1.2721,1.2647,1.2341,1.1566,1.2031,1.1925,1.1577,1.1058,1.1026,1.0640,1.0026,0.9111,0.9217,0.8837,0.8373,0.7901,0.7856,0.7593,0.7171,0.6464,0.6528,0.6016,0.3837,0.3280,0.2619
1.490,0.3679,0.3869,0.5267,0.6195,0.9843,1.0896,1.1469,1.1739,1.1678,1.1190,1.1836,1.2024,1.2103,1.2192,1.2292,1.2282,1.1749,1.2464,1.2723,1.2842,1.2937,1.3001,1.2897,1.2239,1.2877,1.2982,1.2847,1.2481,1.2674,1.2583,1.2261,1.1476,1.1921,1.1789,1.1413,1.0874,1.0812,1.0391,0.9754,0.8846,0.8949,0.8602,0.8189,0.7757,0.7743,0.7517,0.7127,0.6439,0.6515,0.6016,0.3844,0.3288,0.2627
1.520,0.3747,0.3940,0.5363,0.6308,1.0021,1.1092,1.1673,1.1943,1.1876,1.1377,1.2028,1.2212,1.2282,1.2360,1.2449,1.2424,1.1873,1.2583,1.2825,1.2925,1.2999,1.3040,1.2913,1.2238,1.2861,1.2946,1.2792,1.2415,1.2594,1.2487,1.2149,1.1356,1.1778,1.1619,1.1215,1.0656,1.0564,1.0115,0.9472,0.8590,0.8708,0.8410,0.8048,0.7655,0.7669,0.7477,0.7112,0.6440,0.6526,0.6038,0.3863,0.3307,0.2643
1.550,0.3792,0.3988,0.5428,0.6384,1.0142,1.1224,1.1809,1.2079,1.2009,1.1502,1.2157,1.2337,1.2400,1.2472,1.2553,1.2517,1.1955,1.2661,1.2893,1.2980,1.3040,1.3066,1.2924,1.2238,1.2851,1.2923,1.2757,1.2371,1.2541,1.2422,1.2072,1.1272,1.1676,1.1498,1.1073,1.0501,1.0390,0.9925,0.9286,0.8427,0.8559,0.8293,0.7964,0.7594,0.7625,0.7453,0.7104,0.6441,0.6533,0.6051,0.3875,0.3318,0.2653
1.580,0.3866,0.4066,0.5534,0.6507,1.0336,1.1435,1.2028,1.2297,1.2219,1.1699,1.2359,1.2531,1.2583,1.2642,1.2708,1.2654,1.2071,1.2770,1.2982,1.3046,1.3082,1.3084,1.2917,1.2214,1.2810,1.2862,1.2680,1.2284,1.2441,1.2306,1.1939,1.1132,1.1511,1.1304,1.0850,1.0260,1.0122,0.9640,0.9013,0.8192,0.8350,0.8135,0.7856,0.7521,0.7579,0.7437,0.7111,0.6460,0.6561,0.6089,0.3904,0.3345,0.2676
1.610,0.3919,0.4122,0.5609,0.6596,1.0477,1.1589,1.2186,1.2455,1.2373,1.1843,1.2506,1.2674,1.2719,1.2768,1.2824,1.2758,1.2162,1.2855,1.3054,1.3103,1.3123,1.3107,1.2923,1.2208,1.2791,1.2828,1.2631,1.2226,1.2369,1.2216,1.1831,1.1013,1.1367,1.1131,1.0650,1.0046,0.9890,0.9409,0.8810,0.8028,0.8211,0.8035,0.7792,0.7480,0.7556,0.7435,0.7124,0.6481,0.6588,0.6121,0.3927,0.3367,0.2694
1.640,0.3979,0.4184,0.5694,0.6696,1.0633,1.1759,1.2361,1.2628,1.2539,1.1998,1.2664,1.2823,1.2857,1.2893,1.2934,1.2851,1.2237,1.2921,1.3100,1.3128,1.3127,1.3089,1.2886,1.2159,1.2728,1.2751,1.2543,1.2132,1.2265,1.2101,1.1704,1.0881,1.1214,1.0956,1.0454,0.9840,0.9673,0.9199,0.8633,0.7891,0.8099,0.7963,0.7755,0.7466,0.7561,0.7459,0.7164,0.6525,0.6639,0.6175,0.3966,0.3401,0.2722
1.670,0.4043,0.4251,0.5785,0.6802,1.0801,1.1942,1.2549,1.2815,1.2720,1.2168,1.2837,1.2990,1.3014,1.3039,1.3067,1.2967,1.2337,1.3013,1.3176,1.3185,1.3164,1.3106,1.2882,1.2141,1.2696,1.2701,1.2476,1.2052,1.2167,1.1979,1.1557,1.0718,1.1017,1.0722,1.0190,0.9567,0.9391,0.8939,0.8421,0.7728,0.7967,0.7875,0.7706,0.7442,0.7557,0.7477,0.7197,0.6565,0.6687,0.6227,0.4002,0.3434,0.2749
1.700,0.4088,0.4298,0.5849,0.6877,1.0919,1.2070,1.2681,1.2945,1.2844,1.2283,1.2954,1.3100,1.3115,1.3129,1.3145,1.3031,1.2387,1.3055,1.3203,1.3196,1.3158,1.3084,1.2846,1.2097,1.2641,1.2637,1.2403,1.1974,1.2080,1.1880,1.1446,1.0603,1.0882,1.0569,1.0023,0.9399,0.9226,0.8797,0.8313,0.7650,0.7909,0.7844,0.7698,0.7450,0.7576,0.7510,0.7239,0.6609,0.6735,0.6277,0.4037,0.3464,0.2774
1.730,0.4152,0.4366,0.5941,0.6984,1.1087,1.2253,1.2869,1.3131,1.3023,1.2450,1.3123,1.3261,1.3263,1.3264,1.3264,1.3132,1.2469,1.3128,1.3256,1.3228,1.3168,1.3074,1.2816,1.2055,1.2585,1.2563,1.2313,1.1872,1.1960,1.1736,1.1276,1.0418,1.0663,1.0316,0.9751,0.9131,0.8967,0.8578,0.8149,0.7533,0.7822,0.7797,0.7685,0.7458,0.7603,0.7555,0.7297,0.6670,0.6803,0.6347,0.4085,0.3507,0.2808
1.760,0.4218,0.4435,0.6035,0.7095,1.1261,1.2441,1.3061,1.3320,1.3204,1.2617,1.3292,1.3419,1.3406,1.3390,1.3371,1.3218,1.2536,1.3181,1.3287,1.3235,1.3152,1.3035,1.2758,1.1987,1.2501,1.2462,1.2195,1.1742,1.1811,1.1560,1.1074,1.0203,1.0413,1.0038,0.9468,0.8870,0.8733,0.8400,0.8028,0.7455,0.7774,0.7786,0.7707,0.7498,0.7660,0.7631,0.7383,0.6756,0.6896,0.6440,0.4147,0.3562,0.2853
1.790,0.4257,0.4476,0.6091,0.7160,1.1363,1.2552,1.3174,1.3431,1.3309,1.2715,1.3390,1.3510,1.3489,1.3463,1.3432,1.3266,1.2572,1.3210,1.3302,1.3236,1.3140,1.3010,1.2722,1.1945,1.2449,1.2400,1.2122,1.1662,1.1718,1.1452,1.0948,1.0071,1.0260,0.9873,0.9307,0.8725,0.8609,0.8307,0.7967,0.7417,0.7752,0.7785,0.7722,0.7524,0.7696,0.7676,0.7434,0.6806,0.6951,0.6494,0.4184,0.3594,0.2878
1.820,0.4328,0.4551,0.6191,0.7277,1.1548,1.2751,1.3377,1.3629,1.3497,1.2888,1.3563,1.3670,1.3631,1.3585,1.3532,1.3341,1.2626,1.3247,1.3314,1.3222,1.3101,1.2948,1.2640,1.1855,1.2341,1.2274,1.1977,1.1504,1.1537,1.1239,1.0706,0.9817,0.9972,0.9569,0.9021,0.8479,0.8401,0.8160,0.7877,0.7369,0.7735,0.7805,0.7772,0.7591,0.7780,0.7777,0.7544,0.6915,0.7066,0.6608,0.4260,0.3660,0.2932
1.850,0.4370,0.4595,0.6252,0.7348,1.1658,1.2870,1.3498,1.3747,1.3608,1.2991,1.3665,1.3764,1.3714,1.3655,1.3588,1.3382,1.2653,1.3264,1.3315,1.3208,1.3072,1.2906,1.2587,1.1795,1.2270,1.2190,1.1879,1.1396,1.1412,1.1094,1.0541,0.9646,0.9783,0.9381,0.8859,0.8346,0.8296,0.8091,0.7841,0.7354,0.7738,0.7828,0.7812,0.7641,0.7840,0.7846,0.7619,0.6987,0.7143,0.6682,0.4309,0.3703,0.2967
1.880,0.4427,0.4655,0.6333,0.7443,1.1806,1.3030,1.3661,1.3905,1.3758,1.3129,1.3802,1.3890,1.3825,1.3749,1.3664,1.3437,1.2690,1.3288,1.3318,1.3190,1.3035,1.2852,1.2516,1.1716,1.2175,1.2076,1.1745,1.1247,1.1240,1.0892,1.0313,0.9412,0.9526,0.9130,0.8645,0.8174,0.8159,0.8003,0.7796,0.7338,0.7745,0.7862,0.7867,0.7708,0.7921,0.7938,0.7717,0.7082,0.7244,0.6781,0.4375,0.3760,0.3013
1.910,0.4477,0.4707,0.6404,0.7525,1.1935,1.3169,1.3800,1.4039,1.3882,1.3241,1.3912,1.3986,1.3905,1.3811,1.3706,1.3458,1.2695,1.3277,1.3288,1.3141,1.2969,1.2772,1.2424,1.1620,1.2064,1.1949,1.1601,1.1091,1.1063,1.0690,1.0092,0.9195,0.9303,0.8934,0.8495,0.8063,0.8081,0.7965,0.7792,0.7356,0.7784,0.7923,0.7946,0.7796,0.8021,0.8049,0.7831,0.7191,0.7358,0.6891,0.4447,0.3823,0.3063
1.940,0.4518,0.4750,0.6461,0.7592,1.2041,1.3282,1.3914,1.4149,1.3986,1.3336,1.4005,1.4070,1.3977,1.3870,1.3750,1.3486,1.2711,1.3282,1.3278,1.3117,1.2932,1.2721,1.2362,1.1551,1.1981,1.1850,1.1485,1.0962,1.0914,1.0518,0.9905,0.9011,0.9115,0.8770,0.8369,0.7970,0.8013,0.7929,0.7783,0.7364,0.7808,0.7965,0.8001,0.7859,0.8092,0.8128,0.7914,0.7270,0.7441,0.6971,0.4500,0.3869,0.3100
1.970,0.4569,0.4803,0.6533,0.7676,1.2170,1.3420,1.4051,1.4278,1.4104,1.3442,1.4105,1.4155,1.4042,1.3913,1.3771,1.3483,1.2691,1.3246,1.3220,1.3042,1.2841,1.2618,1.2248,1.1434,1.1848,1.1700,1.1316,1.0781,1.0710,1.0292,0.9669,0.8791,0.8903,0.8599,0.8250,0.7891,0.7966,0.7921,0.7808,0.7408,0.7873,0.8051,0.8105,0.7971,0.8216,0.8261,0.8051,0.7399,0.7576,0.7101,0.4585,0.3943,0.3159
2.000,0.4622,0.4859,0.6608,0.7764,1.2308,1.3567,1.4200,1.4423,1.4240,1.3566,1.4228,1.4265,1.4137,1.3992,1.3831,1.3523,1.2715,1.3256,1.3211,1.3012,1.2791,1.2547,1.2154,1.1327,1.1714,1.1533,1.1117,1.0559,1.0457,1.0010,0.9384,0.8536,0.8668,0.8416,0.8122,0.7803,0.7910,0.7902,0.7820,0.7439,0.7924,0.8122,0.8192,0.8066,0.8322,0.8376,0.8169,0.7511,0.7693,0.7213,0.4659,0.4007,0.3211
2.030,0.4654,0.4892,0.6654,0.7816,1.2389,1.3652,1.4282,1.4497,1.4304,1.3622,1.4276,1.4299,1.4154,1.3990,1.3810,1.3484,1.2665,1.3192,1.3132,1.2923,1.2696,1.2446,1.2049,1.1223,1.1599,1.1409,1.0981,1.0418,1.0304,0.9851,0.9236,0.8411,0.8563,0.8345,0.8086,0.7790,0.7916,0.7932,0.7869,0.7498,0.7997,0.8210,0.8290,0.8168,0.8432,0.8493,0.8287,0.7621,0.7808,0.7323,0.4731,0.4069,0.3260
2.060,0.4709,0.4950,0.6731,0.7907,1.2530,1.3803,1.4433,1.4640,1.4437,1.3741,1.4391,1.4398,1.4234,1.4050,1.3847,1.3498,1.2663,1.3174,1.3094,1.2864,1.2616,1.2343,1.1921,1.1080,1.1425,1.1196,1.0732,1.0146,1.0003,0.9536,0.8942,0.8165,0.8350,0.8191,0.7990,0.7733,0.7892,0.7945,0.7914,0.7559,0.8080,0.8313,0.8410,0.8295,0.8571,0.8641,0.8437,0.7763,0.7956,0.7464,0.4823,0.4149,0.3324
2.090,0.4738,0.4981,0.6773,0.7955,1.2604,1.3881,1.4509,1.4710,1.4498,1.3795,1.4440,1.4435,1.4258,1.4058,1.3841,1.3477,1.2633,1.3132,1.3041,1.2801,1.2543,1.2260,1.1827,1.0981,1.1309,1.1063,1.0582,0.9988,0.9834,0.9371,0.8801,0.8055,0.8261,0.8135,0.7963,0.7726,0.7902,0.7975,0.7958,0.7612,0.8145,0.8390,0.8495,0.8384,0.8668,0.8742,0.8540,0.7859,0.8056,0.7559,0.4886,0.4203,0.3367
2.120,0.4786,0.5031,0.6840,0.8033,1.2725,1.4007,1.4632,1.4823,1.4598,1.3881,1.4517,1.4493,1.4293,1.4070,1.3828,1.3441,1.2583,1.3065,1.2955,1.2698,1.2422,1.2120,1.1665,1.0807,1.1104,1.0825,1.0313,0.9706,0.9539,0.9089,0.8568,0.7877,0.8120,0.8050,0.7927,0.7723,0.7927,0.8032,0.8041,0.7707,0.8261,0.8526,0.8645,0.8539,0.8834,0.8917,0.8716,0.8024,0.8227,0.7722,0.4992,0.4294,0.3441
2.150,0.4816,0.5063,0.6883,0.8083,1.2802,1.4088,1.4712,1.4896,1.4663,1.3938,1.4569,1.4534,1.4320,1.4082,1.3825,1.3424,1.2556,1.3027,1.2903,1.2633,1.2342,1.2022,1.1549,1.0681,1.0954,1.0650,1.0120,0.9509,0.9342,0.8916,0.8434,0.7779,0.8046,0.8008,0.7914,0.7728,0.7949,0.8072,0.8097,0.7769,0.8336,0.8612,0.8739,0.8637,0.8939,0.9027,0.8826,0.8127,0.8334,0.7824,0.5058,0.4352,0.3487
2.180,0.4847,0.5095,0.6926,0.8133,1.2878,1.4165,1.4784,1.4959,1.4714,1.3979,1.4600,1.4548,1.4315,1.4058,1.3782,1.3364,1.2489,1.2947,1.2810,1.2530,1.2228,1.1895,1.1406,1.0531,1.0781,1.0453,0.9907,0.9297,0.9134,0.8739,0.8303,0.7689,0.7984,0.7983,0.7922,0.7757,0.7996,0.8141,0.8182,0.7861,0.8444,0.8733,0.8871,0.8772,0.9083,0.9177,0.8976,0.8267,0.8478,0.7961,0.5148,0.4429,0.3548
2.210,0.4876,0.5125,0.6966,0.8179,1.2948,1.4236,1.4849,1.5013,1.4756,1.4011,1.4623,1.4553,1.4302,1.4027,1.3733,1.3300,1.2417,1.2862,1.2713,1.2420,1.2103,1.1751,1.1241,1.0357,1.0577,1.0225,0.9669,0.9070,0.8925,0.8574,0.8189,0.7615,0.7938,0.7974,0.7944,0.7798,0.8057,0.8223,0.8280,0.7965,0.8565,0.8868,0.9015,0.8919,0.9240,0.9339,0.9138,0.8418,0.8635,0.8109,0.5244,0.4512,0.3615
2.240,0.4909,0.5159,0.7013,0.8232,1.3029,1.4320,1.4928,1.5082,1.4813,1.4058,1.4660,1.4574,1.4305,1.4010,1.3698,1.3247,1.2356,1.2785,1.2618,1.2304,1.1963,1.1583,1.1043,1.0143,1.0329,0.9951,0.9393,0.8818,0.8701,0.8404,0.8075,0.7542,0.7895,0.7968,0.7970,0.7844,0.8122,0.8308,0.8382,0.8073,0.8689,0.9006,0.9163,0.9071,0.9401,0.9506,0.9304,0.8573,0.8795,0.8261,0.5343,0.4597,0.3683
2.270,0.4927,0.5178,0.7037,0.8261,1.3072,1.4362,1.4965,1.5111,1.4834,1.4072,1.4666,1.4567,1.4285,1.3977,1.3653,1.3192,1.2296,1.2716,1.2539,1.2214,1.1861,1.1464,1.0907,1.0001,1.0167,0.9778,0.9228,0.8672,0.8577,0.8315,0.8020,0.7511,0.7883,0.7978,0.7999,0.7885,0.8175,0.8375,0.8459,0.8153,0.8781,0.9107,0.9271,0.9180,0.9516,0.9626,0.9423,0.8684,0.8909,0.8370,0.5414,0.4658,0.3731
2.300,0.4953,0.5205,0.7074,0.8302,1.3134,1.4421,1.5015,1.5146,1.4854,1.4081,1.4661,1.4540,1.4236,1.3907,1.3563,1.3086,1.2185,1.2587,1.2391,1.2046,1.1667,1.1240,1.0651,0.9734,0.9867,0.9468,0.8945,0.8433,0.8380,0.8180,0.7943,0.7476,0.7879,0.8013,0.8066,0.7971,0.8282,0.8504,0.8605,0.8303,0.8952,0.9294,0.9468,0.9380,0.9728,0.9844,0.9640,0.8885,0.9117,0.8566,0.5541,0.4768,0.3819
2.330,0.4965,0.5218,0.7090,0.8321,1.3160,1.4446,1.5035,1.5157,1.4857,1.4079,1.4651,1.4519,1.4203,1.3863,1.3510,1.3025,1.2120,1.2513,1.2306,1.1949,1.1555,1.1110,1.0504,0.9583,0.9702,0.9306,0.8806,0.8321,0.8291,0.8123,0.7915,0.7467,0.7886,0.8039,0.8107,0.8022,0.8344,0.8577,0.8687,0.8386,0.9046,0.9396,0.9577,0.9490,0.9844,0.9963,0.9759,0.8995,0.9231,0.8674,0.5611,0.4829,0.3868
2.360,0.4985,0.5238,0.7117,0.8351,1.3204,1.4485,1.5063,1.5171,1.4856,1.4067,1.4624,1.4472,1.4136,1.3777,1.3407,1.2906,1.1996,1.2370,1.2142,1.1760,1.1336,1.0857,1.0220,0.9295,0.9393,0.9015,0.8565,0.8131,0.8146,0.8036,0.7878,0.7463,0.7912,0.8097,0.8193,0.8124,0.8464,0.8717,0.8842,0.8544,0.9223,0.9588,0.9778,0.9693,1.0058,1.0184,0.9977,0.9198,0.9440,0.8872,0.5740,0.4939,0.3956
2.390,0.4984,0.5237,0.7116,0.8348,1.3196,1.4471,1.5040,1.5137,1.4814,1.4021,1.4568,1.4404,1.4059,1.3693,1.3316,1.2812,1.1904,1.2268,1.2031,1.1638,1.1199,1.0704,1.0054,0.9133,0.9229,0.8873,0.8459,0.8054,0.8094,0.8014,0.7882,0.7483,0.7948,0.8151,0.8262,0.8201,0.8552,0.8816,0.8949,0.8652,0.9343,0.9718,0.9914,0.9830,1.0202,1.0332,1.0124,0.9334,0.9580,0.9004,0.5826,0.5013,0.4015
2.420,0.5000,0.5254,0.7138,0.8373,1.3232,1.4503,1.5066,1.5151,1.4817,1.4017,1.4553,1.4375,1.4015,1.3634,1.3243,1.2724,1.1807,1.2151,1.1890,1.1469,1.0998,1.0469,0.9795,0.8878,0.8971,0.8647,0.8285,0.7924,0.7998,0.7961,0.7865,0.7490,0.7976,0.8203,0.8334,0.8284,0.8649,0.8928,0.9072,0.8776,0.9483,0.9868,1.0072,0.9989,1.0370,1.0504,1.0294,0.9492,0.9744,0.9159,0.5926,0.5100,0.4084
2.450,0.4989,0.5242,0.7121,0.8351,1.3194,1.4453,1.5002,1.5073,1.4728,1.3925,1.4446,1.4254,1.3884,1.3496,1.3100,1.2577,1.1663,1.1994,1.1719,1.1282,1.0792,1.0245,0.9568,0.8675,0.8784,0.8505,0.8193,0.7867,0.7970,0.7967,0.7901,0.7542,0.8048,0.8296,0.8443,0.8402,0.8781,0.9073,0.9227,0.8931,0.9654,1.0051,1.0262,1.0181,1.0570,1.0710,1.0497,0.9680,0.9938,0.9341,0.6045,0.5202,0.4166
2.480,0.4996,0.5249,0.7130,0.8361,1.3206,1.4460,1.5001,1.5061,1.4706,1.3897,1.4407,1.4202,1.3818,1.3416,1.3004,1.2465,1.1542,1.1849,1.1546,1.1077,1.0555,0.9984,0.9309,0.8448,0.8579,0.8349,0.8086,0.7795,0.7925,0.7956,0.7917,0.7575,0.8099,0.8366,0.8529,0.8497,0.8887,0.9192,0.9354,0.9058,0.9796,1.0203,1.0421,1.0340,1.0738,1.0881,1.0667,0.9838,1.0100,0.9495,0.6144,0.5288,0.4234
2.510,0.4975,0.5227,0.7098,0.8323,1.3142,1.4383,1.4911,1.4960,1.4598,1.3789,1.4287,1.4075,1.3688,1.3285,1.2874,1.2337,1.1419,1.1716,1.1405,1.0927,1.0395,0.9821,0.9159,0.8324,0.8474,0.8278,0.8048,0.7780,0.7930,0.7983,0.7963,0.7631,0.8170,0.8452,0.8626,0.8599,0.9000,0.9314,0.9484,0.9187,0.9938,1.0354,1.0578,1.0497,1.0903,1.1050,1.0834,0.9992,1.0259,0.9645,0.6241,0.5371,0.4301
2.540,0.4969,0.5220,0.7089,0.8311,1.3119,1.4349,1.4865,1.4900,1.4528,1.3714,1.4199,1.3973,1.3574,1.3157,1.2729,1.2171,1.1243,1.1508,1.1159,1.0642,1.0076,0.9490,0.8855,0.8073,0.8259,0.8123,0.7952,0.7725,0.7907,0.7998,0.8009,0.7695,0.8256,0.8560,0.8752,0.8735,0.9151,0.9480,0.9661,0.9363,1.0132,1.0561,1.0793,1.0714,1.1129,1.1282,1.1063,1.0204,1.0477,0.9851,0.6375,0.5486,0.4392
2.570,0.4955,0.5206,0.7068,0.8286,1.3077,1.4297,1.4805,1.4831,1.4453,1.3640,1.4116,1.3884,1.3480,1.3058,1.2624,1.2058,1.1127,1.1376,1.1010,1.0476,0.9899,0.9317,0.8710,0.7961,0.8168,0.8064,0.7922,0.7714,0.7912,0.8023,0.8050,0.7743,0.8317,0.8633,0.8834,0.8822,0.9247,0.9584,0.9771,0.9472,1.0253,1.0690,1.0927,1.0848,1.1270,1.1426,1.1205,1.0335,1.0613,0.9979,0.6458,0.5558,0.4449
2.600,0.4923,0.5171,0.7021,0.8228,1.2982,1.4185,1.4677,1.4690,1.4305,1.3494,1.3957,1.3717,1.3308,1.2881,1.2437,1.1860,1.0926,1.1146,1.0751,1.0191,0.9601,0.9035,0.8479,0.7787,0.8030,0.7981,0.7886,0.7710,0.7935,0.8077,0.8129,0.7835,0.8430,0.8766,0.8983,0.8979,0.9418,0.9769,0.9965,0.9664,1.0465,1.0914,1.1159,1.1080,1.1513,1.1674,1.1450,1.0562,1.0846,1.0199,0.6601,0.5681,0.4547
2.630,0.4907,0.5154,0.6997,0.8199,1.2933,1.4126,1.4608,1.4611,1.4221,1.3409,1.3862,1.3613,1.3194,1.2755,1.2296,1.1700,1.0757,1.0950,1.0527,0.9949,0.9363,0.8830,0.8324,0.7675,0.7945,0.7931,0.7868,0.7712,0.7956,0.8118,0.8186,0.7901,0.8509,0.8858,0.9086,0.9087,0.9536,0.9897,1.0100,0.9797,1.0611,1.1070,1.1321,1.1242,1.1682,1.1847,1.1620,1.0720,1.1009,1.0352,0.6700,0.5766,0.4616
2.660,0.4867,0.5112,0.6939,0.8131,1.2821,1.3997,1.4467,1.4462,1.4070,1.3263,1.3708,1.3458,1.3040,1.2600,1.2138,1.1536,1.0593,1.0768,1.0330,0.9746,0.9172,0.8673,0.8212,0.7600,0.7894,0.7912,0.7876,0.7737,0.7997,0.8178,0.8261,0.7981,0.8604,0.8966,0.9204,0.9209,0.9668,1.0038,1.0248,0.9943,1.0772,1.1239,1.1496,1.1417,1.1866,1.2035,1.1806,1.0891,1.1185,1.0518,0.6808,0.5859,0.4689
2.690,0.4837,0.5081,0.6896,0.8078,1.2736,1.3896,1.4354,1.4339,1.3941,1.3136,1.3568,1.3307,1.2876,1.2418,1.1931,1.1301,1.0346,1.0481,1.0011,0.9419,0.8874,0.8433,0.8040,0.7482,0.7809,0.7871,0.7872,0.7758,0.8040,0.8245,0.8348,0.8077,0.8718,0.9096,0.9347,0.9359,0.9830,1.0213,1.0431,1.0124,1.0969,1.1449,1.1713,1.1634,1.2093,1.2266,1.2034,1.1102,1.1403,1.0723,0.6941,0.5973,0.4781
2.720,0.4791,0.5032,0.6829,0.8000,1.2610,1.3756,1.4205,1.4187,1.3792,1.2995,1.3421,1.3162,1.2734,1.2276,1.1785,1.1148,1.0193,1.0313,0.9835,0.9252,0.8735,0.8331,0.7976,0.7443,0.7789,0.7874,0.7895,0.7793,0.8087,0.8306,0.8420,0.8153,0.8806,0.9194,0.9453,0.9468,0.9948,1.0338,1.0562,1.0252,1.1111,1.1598,1.1867,1.1788,1.2254,1.2431,1.2196,1.1252,1.1557,1.0869,0.7035,0.6055,0.4845
2.750,0.4731,0.4969,0.6743,0.7898,1.2446,1.3571,1.4007,1.3982,1.3587,1.2799,1.3214,1.2949,1.2513,1.2040,1.1527,1.0866,0.9904,0.9989,0.9497,0.8937,0.8476,0.8143,0.7855,0.7370,0.7748,0.7873,0.7928,0.7847,0.8162,0.8404,0.8537,0.8276,0.8948,0.9353,0.9625,0.9645,1.0139,1.0542,1.0774,1.0461,1.1339,1.1840,1.2117,1.2037,1.2514,1.2696,1.2458,1.1494,1.1806,1.1103,0.7187,0.6185,0.4950
2.780,0.4683,0.4919,0.6675,0.7818,1.2318,1.3429,1.3858,1.3830,1.3437,1.2655,1.3063,1.2795,1.2352,1.1870,1.1343,1.0665,0.9702,0.9769,0.9283,0.8754,0.8337,0.8049,0.7800,0.7342,0.7738,0.7886,0.7961,0.7891,0.8219,0.8474,0.8617,0.8361,0.9045,0.9460,0.9740,0.9763,1.0266,1.0678,1.0915,1.0600,1.1492,1.2001,1.2283,1.2204,1.2688,1.2873,1.2632,1.1655,1.1972,1.1260,0.7289,0.6273,0.5019
2.810,0.4643,0.4877,0.6617,0.7750,1.2209,1.3307,1.3727,1.3695,1.3301,1.2524,1.2921,1.2645,1.2192,1.1695,1.1147,1.0450,0.9482,0.9531,0.9052,0.8558,0.8190,0.7948,0.7740,0.7309,0.7725,0.7896,0.7991,0.7934,0.8274,0.8543,0.8697,0.8444,0.9140,0.9566,0.9854,0.9881,1.0393,1.0812,1.1056,1.0738,1.1643,1.2160,1.2448,1.2369,1.2861,1.3050,1.2806,1.1816,1.2138,1.1416,0.7390,0.6360,0.5089
2.840,0.4561,0.4791,0.6500,0.7612,1.1991,1.3067,1.3478,1.3445,1.3057,1.2292,1.2678,1.2398,1.1937,1.1424,1.0856,1.0141,0.9181,0.9221,0.8775,0.8342,0.8038,0.7854,0.7696,0.7297,0.7737,0.7937,0.8056,0.8013,0.8369,0.8656,0.8824,0.8574,0.9287,0.9727,1.0026,1.0057,1.0581,1.1012,1.1263,1.0941,1.1865,1.2394,1.2689,1.2609,1.3112,1.3306,1.3058,1.2049,1.2378,1.1642,0.7536,0.6485,0.5189
2.870,0.4513,0.4740,0.6431,0.7531,1.1865,1.2929,1.3337,1.3304,1.2920,1.2162,1.2542,1.2257,1.1791,1.1269,1.0689,0.9965,0.9012,0.9050,0.8629,0.8230,0.7961,0.7808,0.7675,0.7292,0.7746,0.7961,0.8092,0.8057,0.8422,0.8718,0.8893,0.8645,0.9368,0.9815,1.0120,1.0154,1.0685,1.1122,1.1378,1.1054,1.1989,1.2525,1.2824,1.2744,1.3253,1.3450,1.3200,1.2180,1.2513,1.1769,0.7619,0.6557,0.5246
2.900,0.4453,0.4678,0.6347,0.7432,1.1708,1.2756,1.3154,1.3117,1.2732,1.1979,1.2343,1.2044,1.1559,1.1012,1.0405,0.9663,0.8723,0.8763,0.8386,0.8049,0.7837,0.7733,0.7641,0.7284,0.7758,0.7996,0.8147,0.8124,0.8502,0.8813,0.8999,0.8754,0.9491,0.9950,1.0264,1.0301,1.0842,1.1289,1.1551,1.1224,1.2175,1.2721,1.3027,1.2946,1.3464,1.3665,1.3412,1.2376,1.2715,1.1960,0.7742,0.6663,0.5330
2.930,0.4373,0.4593,0.6232,0.7298,1.1498,1.2528,1.2919,1.2879,1.2496,1.1752,1.2099,1.1785,1.1281,1.0711,1.0083,0.9343,0.8437,0.8500,0.8183,0.7908,0.7749,0.7690,0.7633,0.7298,0.7791,0.8051,0.8220,0.8207,0.8598,0.8922,0.9119,0.8875,0.9628,1.0099,1.0421,1.0462,1.1014,1.1471,1.1740,1.1408,1.2376,1.2933,1.3245,1.3165,1.3692,1.3897,1.3641,1.2588,1.2932,1.2164,0.7875,0.6777,0.5421
2.960,0.4326,0.4544,0.6166,0.7221,1.1375,1.2393,1.2776,1.2732,1.2345,1.1604,1.1935,1.1606,1.1084,1.0496,0.9855,0.9123,0.8247,0.8330,0.8055,0.7819,0.7694,0.7662,0.7628,0.7307,0.7812,0.8086,0.8266,0.8259,0.8659,0.8992,0.9196,0.8953,0.9716,1.0194,1.0523,1.0565,1.1125,1.1589,1.1862,1.1528,1.2507,1.3072,1.3388,1.3307,1.3841,1.4049,1.3791,1.2726,1.3075,1.2299,0.7962,0.6852,0.5481
2.990,0.4250,0.4465,0.6059,0.7096,1.1181,1.2184,1.2564,1.2520,1.2137,1.1405,1.1723,1.1384,1.0849,1.0247,0.9601,0.8886,0.8047,0.8155,0.7926,0.7734,0.7646,0.7644,0.7635,0.7328,0.7847,0.8136,0.8329,0.8329,0.8739,0.9082,0.9293,0.9052,0.9826,1.0313,1.0649,1.0694,1.1263,1.1734,1.2012,1.1675,1.2668,1.3241,1.3563,1.3482,1.4024,1.4235,1.3974,1.2896,1.3250,1.2463,0.8069,0.6943,0.5554
